ai_budget_percentage,revenue_growth_percent,industry,company_size,region,ai_adoption_stage
3.87,2.54,Retail,Startup,Oceania,pilot
7.32,9.34,Manufacturing,SME,South America,pilot
5.86,4.22,Consulting,Startup,Asia,pilot
4.96,-0.33,Consulting,SME,Africa,pilot
7.67,0.53,Agriculture,Startup,South America,partial
9.09,6.31,Healthcare,SME,Europe,partial
4.18,-4.32,Agriculture,Startup,South America,pilot
11.29,2.92,Finance,Enterprise,Asia,partial
8.36,-2.29,Education,SME,Oceania,partial
7.72,8.99,Manufacturing,Startup,Europe,partial
15.58,10.99,Education,SME,Africa,partial
14.44,12.24,Manufacturing,Enterprise,Asia,partial
8.29,3.31,Healthcare,Startup,North America,partial
15.3,6.93,Retail,Enterprise,Europe,partial
4.82,0.57,Healthcare,SME,Europe,partial
10.97,3.63,Finance,SME,Europe,partial
7.42,0.23,Retail,SME,South America,pilot
7.85,6.21,Healthcare,SME,Africa,pilot
14.14,9.26,Agriculture,Enterprise,Europe,partial
4.82,12.88,Consulting,SME,Asia,pilot
9.82,2.93,Healthcare,SME,Asia,partial
7.71,8.26,Retail,SME,Europe,pilot
5.44,-2.23,Healthcare,SME,Africa,pilot
14.12,6.67,Healthcare,SME,Asia,partial
10.31,-3.52,Finance,Startup,North America,pilot
8.87,9.84,Manufacturing,Startup,Africa,pilot
5.14,6.36,Healthcare,SME,North America,pilot
9.07,3.32,Agriculture,SME,Asia,pilot
13.97,16.34,Finance,SME,Asia,partial
8.44,3.33,Manufacturing,Startup,Africa,pilot
8.92,13.61,Healthcare,SME,Europe,partial
8.14,0.03,Finance,SME,Europe,partial
7.69,7.54,Manufacturing,Startup,Europe,partial
6.97,5.2,Technology,Startup,Europe,pilot
11.47,10.53,Manufacturing,Startup,Oceania,pilot
9.15,4.28,Education,Startup,South America,partial
7.73,9.1,Consulting,Startup,South America,partial
5.95,-2.75,Technology,SME,Europe,pilot
11.96,7.04,Healthcare,SME,Africa,partial
14.96,21.87,Logistics,Startup,North America,full
12.91,5.88,Manufacturing,Startup,Oceania,partial
3.5,8.24,Logistics,SME,Europe,pilot
8.13,0.93,Manufacturing,SME,Europe,pilot
10.99,4.76,Consulting,SME,Asia,partial
2.89,4.33,Healthcare,Startup,Asia,pilot
9.89,0.12,Retail,Enterprise,Asia,pilot
10.61,-2.79,Technology,SME,Asia,partial
9.23,4.22,Education,SME,Asia,pilot
4.79,-1.0,Logistics,Startup,Europe,pilot
7.94,14.53,Finance,Enterprise,Europe,partial
15.62,12.35,Technology,SME,Asia,partial
3.81,2.06,Healthcare,SME,North America,pilot
7.91,1.7,Education,Startup,South America,pilot
14.61,-1.94,Technology,Enterprise,South America,partial
3.66,2.63,Retail,SME,South America,pilot
7.35,3.26,Healthcare,Startup,Asia,pilot
6.66,-5.0,Manufacturing,SME,Asia,partial
9.74,1.69,Technology,Startup,Europe,partial
3.63,-4.39,Consulting,Startup,Europe,pilot
6.21,4.56,Logistics,Enterprise,Africa,pilot
7.5,-0.11,Manufacturing,SME,South America,pilot
16.0,10.98,Consulting,Startup,South America,partial
11.19,2.66,Consulting,SME,Oceania,partial
12.03,2.64,Finance,SME,South America,partial
10.77,3.21,Finance,SME,Europe,partial
9.75,5.96,Technology,SME,Europe,partial
1.27,-3.4,Finance,Startup,South America,none
14.99,4.16,Education,Enterprise,Asia,partial
9.72,-0.99,Education,Startup,North America,pilot
8.06,-3.39,Healthcare,SME,Africa,partial
6.86,-3.02,Finance,Startup,Asia,pilot
11.62,8.45,Agriculture,SME,Europe,partial
16.33,6.07,Technology,Enterprise,South America,partial
9.41,2.03,Healthcare,Startup,Europe,pilot
3.93,-5.0,Manufacturing,Startup,South America,pilot
5.51,8.79,Finance,Startup,Africa,partial
10.55,0.47,Agriculture,Startup,Europe,pilot
10.96,3.56,Technology,SME,Europe,pilot
5.52,-0.61,Healthcare,SME,Asia,pilot
8.97,13.34,Agriculture,Startup,Europe,partial
12.62,16.55,Finance,Startup,Asia,partial
11.11,9.46,Agriculture,Enterprise,Europe,pilot
12.35,2.55,Logistics,SME,Europe,partial
15.86,10.59,Finance,Startup,Oceania,partial
22.87,1.28,Technology,Enterprise,Africa,full
2.45,1.22,Consulting,Enterprise,Africa,pilot
5.07,-2.92,Healthcare,SME,Africa,pilot
10.2,1.27,Technology,Startup,Asia,partial
17.59,14.43,Agriculture,SME,Europe,partial
8.09,2.95,Agriculture,Startup,Europe,partial
7.35,9.09,Healthcare,Enterprise,Africa,pilot
5.19,3.83,Manufacturing,Startup,Asia,pilot
6.55,3.82,Technology,SME,North America,pilot
8.57,9.1,Education,Startup,Asia,partial
9.26,6.54,Retail,Startup,North America,partial
7.22,9.06,Agriculture,SME,Europe,pilot
8.84,4.01,Finance,SME,Oceania,pilot
9.31,0.55,Agriculture,Enterprise,Europe,pilot
6.8,14.16,Consulting,Startup,Asia,pilot
3.39,3.37,Agriculture,SME,Asia,pilot
9.57,8.87,Finance,Startup,Europe,partial
8.49,5.9,Manufacturing,Startup,Africa,pilot
10.2,5.38,Healthcare,Enterprise,Asia,partial
12.24,5.84,Manufacturing,Startup,Asia,partial
13.6,5.65,Technology,Startup,Europe,partial
9.16,2.52,Education,Enterprise,Oceania,pilot
8.73,7.41,Education,Enterprise,Asia,partial
9.66,2.48,Manufacturing,SME,Europe,pilot
6.42,2.05,Consulting,Startup,Asia,pilot
8.14,-0.29,Technology,Enterprise,Asia,pilot
11.92,12.33,Consulting,Startup,Asia,partial
17.5,7.1,Retail,Enterprise,Europe,partial
9.95,11.76,Retail,SME,Africa,partial
9.7,5.07,Agriculture,Enterprise,Oceania,partial
5.22,-1.51,Agriculture,SME,Europe,pilot
10.91,6.72,Education,Startup,Asia,partial
4.18,10.66,Consulting,SME,Europe,pilot
1.04,3.5,Consulting,Startup,Oceania,pilot
7.15,3.86,Manufacturing,Startup,Asia,partial
8.0,4.88,Manufacturing,Startup,Europe,partial
10.64,6.53,Consulting,Startup,South America,partial
12.88,9.54,Education,Enterprise,South America,partial
7.53,8.58,Education,Startup,Europe,partial
10.16,-5.0,Logistics,SME,Europe,pilot
14.16,2.51,Healthcare,Enterprise,Africa,partial
8.99,2.52,Consulting,Startup,Asia,partial
11.13,11.6,Healthcare,SME,Europe,partial
10.51,10.5,Consulting,SME,Oceania,partial
11.08,-1.3,Technology,Startup,Africa,partial
6.6,9.09,Retail,Startup,Asia,partial
7.15,-5.0,Agriculture,SME,Asia,pilot
9.53,2.26,Retail,SME,Asia,partial
4.16,5.04,Manufacturing,Startup,South America,pilot
5.73,-3.41,Manufacturing,Startup,Asia,none
16.56,7.03,Technology,Enterprise,Asia,partial
5.52,2.85,Healthcare,Enterprise,Europe,pilot
9.79,-5.0,Agriculture,SME,Africa,pilot
6.7,5.02,Consulting,SME,Africa,partial
18.17,10.2,Manufacturing,Startup,Europe,partial
8.77,5.74,Technology,Enterprise,Asia,pilot
17.35,10.66,Agriculture,SME,North America,partial
5.11,-4.95,Manufacturing,Startup,Africa,pilot
13.38,14.95,Manufacturing,Startup,Asia,pilot
15.41,10.9,Agriculture,SME,Asia,partial
10.1,6.49,Consulting,Enterprise,Asia,partial
8.01,-5.0,Education,SME,Asia,partial
5.13,-0.68,Consulting,SME,Europe,pilot
8.34,8.99,Logistics,SME,Asia,pilot
7.16,5.73,Finance,Startup,Asia,pilot
7.62,-1.97,Retail,Startup,Oceania,partial
5.18,2.29,Agriculture,SME,Asia,pilot
5.29,-2.13,Retail,Startup,Asia,pilot
8.28,5.3,Healthcare,SME,South America,pilot
9.89,-3.84,Technology,Startup,Europe,pilot
2.53,3.43,Consulting,SME,South America,pilot
19.48,13.16,Technology,Startup,Asia,full
9.64,-0.41,Finance,Startup,Europe,partial
11.28,6.05,Logistics,SME,Asia,partial
12.15,15.88,Healthcare,Startup,Europe,partial
2.94,7.62,Consulting,SME,Asia,partial
15.11,5.03,Manufacturing,Enterprise,Europe,partial
14.5,11.43,Finance,SME,Asia,partial
7.53,-1.36,Technology,Startup,Europe,pilot
2.53,-2.98,Healthcare,Startup,South America,pilot
11.19,5.99,Technology,Startup,Europe,pilot
15.89,5.68,Manufacturing,Startup,South America,partial
13.82,7.0,Technology,Startup,North America,partial
6.5,-1.93,Finance,SME,Africa,pilot
10.02,4.05,Retail,Startup,Europe,partial
12.26,2.27,Manufacturing,SME,Europe,partial
14.05,11.44,Healthcare,Enterprise,North America,partial
7.32,11.03,Logistics,Startup,Africa,partial
11.27,12.27,Consulting,SME,Europe,partial
11.4,6.37,Manufacturing,Enterprise,Europe,pilot
12.28,2.96,Finance,SME,South America,partial
8.92,4.89,Finance,Startup,Asia,partial
12.66,1.19,Finance,Startup,Asia,pilot
9.24,-3.43,Logistics,SME,Europe,pilot
4.44,3.72,Agriculture,Startup,South America,pilot
15.75,6.98,Technology,Enterprise,Oceania,partial
8.08,6.95,Agriculture,SME,Europe,partial
13.9,9.99,Agriculture,Startup,Asia,partial
11.77,7.93,Finance,SME,Asia,pilot
5.27,5.92,Healthcare,SME,South America,partial
11.84,8.72,Logistics,SME,Oceania,partial
10.77,-2.18,Agriculture,Enterprise,Africa,partial
11.96,0.84,Logistics,Enterprise,Oceania,partial
8.39,8.36,Consulting,Enterprise,Asia,partial
6.74,4.45,Healthcare,Startup,Asia,pilot
16.08,6.06,Manufacturing,SME,Asia,partial
5.68,1.96,Consulting,SME,Africa,pilot
8.42,1.76,Consulting,Enterprise,Asia,partial
11.65,2.19,Agriculture,SME,Africa,partial
12.44,10.5,Technology,Enterprise,Asia,partial
7.51,3.87,Healthcare,Enterprise,Europe,pilot
16.48,3.65,Technology,SME,South America,partial
10.18,0.89,Technology,Startup,Asia,partial
10.6,1.95,Finance,Startup,Asia,pilot
15.0,11.97,Technology,SME,Africa,partial
8.37,4.8,Agriculture,Startup,North America,partial
6.99,3.38,Manufacturing,Startup,South America,pilot
6.24,4.49,Technology,SME,Europe,pilot
1.2,8.35,Agriculture,Startup,Asia,pilot
7.33,5.15,Consulting,SME,Asia,pilot
4.8,2.76,Healthcare,Startup,Europe,none
16.56,14.35,Technology,Startup,Europe,partial
4.62,2.44,Manufacturing,Startup,Europe,partial
9.07,3.11,Finance,Startup,Africa,partial
7.96,2.81,Education,Startup,Europe,partial
11.36,7.21,Technology,Startup,North America,partial
7.06,-0.55,Manufacturing,SME,Europe,pilot
10.9,-5.0,Technology,Startup,South America,pilot
7.02,0.45,Logistics,SME,Europe,pilot
8.57,0.11,Healthcare,SME,Europe,pilot
7.71,2.83,Agriculture,Startup,Oceania,pilot
8.63,14.74,Agriculture,SME,Europe,partial
5.6,15.57,Technology,SME,South America,pilot
1.39,9.65,Retail,Startup,Europe,none
13.69,7.07,Finance,Startup,Europe,partial
2.68,3.91,Consulting,SME,Europe,none
5.05,0.26,Consulting,Startup,Asia,pilot
14.29,8.15,Technology,Enterprise,Africa,partial
12.24,2.05,Agriculture,Enterprise,Oceania,partial
10.89,5.43,Technology,SME,Asia,partial
9.6,15.09,Finance,Startup,Asia,pilot
10.65,2.46,Consulting,Startup,Asia,partial
8.53,12.6,Retail,Startup,Africa,pilot
12.09,9.35,Manufacturing,Enterprise,South America,partial
8.35,14.5,Technology,Startup,North America,pilot
0.44,0.01,Technology,SME,Africa,pilot
8.9,12.45,Education,SME,Oceania,partial
2.91,3.46,Logistics,Startup,North America,pilot
5.13,11.56,Finance,Startup,Europe,pilot
9.17,1.63,Agriculture,Enterprise,Africa,pilot
3.28,-5.0,Manufacturing,SME,South America,pilot
6.3,2.53,Manufacturing,Startup,Europe,pilot
15.13,9.96,Technology,SME,Europe,partial
12.94,5.21,Healthcare,Startup,Oceania,pilot
5.69,-3.61,Education,SME,Asia,pilot
15.43,9.36,Technology,Enterprise,Europe,partial
16.36,-2.28,Agriculture,Enterprise,Africa,pilot
11.36,4.49,Manufacturing,Enterprise,North America,pilot
12.85,7.5,Logistics,Startup,Europe,partial
2.34,0.5,Education,Startup,Africa,pilot
7.85,-4.17,Retail,Startup,Europe,partial
10.92,3.08,Healthcare,SME,Europe,partial
14.31,5.2,Agriculture,Enterprise,Europe,pilot
4.3,3.97,Retail,Startup,Africa,none
6.33,-5.0,Healthcare,Startup,South America,partial
4.48,-1.89,Consulting,Enterprise,Europe,pilot
9.95,-2.01,Logistics,SME,Europe,pilot
12.13,13.39,Manufacturing,Startup,Europe,partial
15.65,3.34,Finance,Startup,Asia,partial
6.21,5.33,Retail,SME,Europe,pilot
1.19,-1.76,Finance,Startup,Africa,pilot
12.35,12.24,Consulting,SME,Africa,partial
7.65,7.83,Consulting,Startup,Africa,pilot
9.34,-5.0,Healthcare,SME,North America,pilot
10.12,3.81,Consulting,Startup,Asia,pilot
7.79,-1.32,Technology,Startup,Asia,pilot
7.19,7.85,Education,SME,North America,partial
8.76,10.3,Finance,Enterprise,Asia,pilot
7.77,4.89,Consulting,SME,Asia,pilot
17.7,-0.29,Technology,Enterprise,Asia,partial
8.82,-2.18,Agriculture,Enterprise,Europe,pilot
4.89,1.65,Finance,Startup,Asia,pilot
9.74,10.72,Consulting,SME,South America,partial
5.74,4.05,Agriculture,Startup,Europe,pilot
17.49,9.63,Technology,Enterprise,Africa,partial
9.32,-0.18,Consulting,Enterprise,Asia,partial
6.2,6.6,Finance,SME,Europe,pilot
10.01,2.2,Agriculture,SME,Africa,pilot
6.64,6.11,Manufacturing,SME,Africa,pilot
15.44,6.2,Technology,Startup,Oceania,partial
11.5,-1.49,Finance,Startup,Europe,pilot
7.48,8.52,Retail,Startup,Asia,pilot
8.34,3.45,Manufacturing,Startup,Asia,pilot
14.3,7.93,Education,Enterprise,Oceania,partial
7.7,-0.12,Healthcare,SME,Asia,pilot
16.32,10.44,Technology,Startup,Asia,partial
12.91,2.98,Healthcare,Startup,Africa,partial
11.48,6.6,Retail,SME,Asia,partial
18.79,14.98,Finance,Startup,Europe,partial
13.93,1.48,Technology,Enterprise,Oceania,partial
16.49,14.02,Education,Enterprise,Asia,partial
7.67,-0.54,Retail,Startup,Europe,partial
6.24,-1.2,Retail,Startup,South America,pilot
9.83,11.57,Finance,Enterprise,Asia,partial
14.76,3.44,Logistics,Enterprise,Asia,partial
9.4,0.31,Education,SME,Europe,pilot
17.5,13.82,Agriculture,Enterprise,Oceania,partial
8.82,4.92,Agriculture,SME,Europe,pilot
12.75,-1.85,Logistics,SME,Europe,partial
11.01,-3.08,Logistics,Startup,Asia,partial
13.28,7.03,Consulting,SME,Europe,partial
9.22,0.2,Healthcare,Startup,Asia,pilot
12.56,8.96,Education,Startup,Oceania,pilot
6.58,-3.68,Agriculture,Startup,Asia,pilot
7.96,8.21,Retail,Enterprise,Africa,pilot
15.46,7.96,Technology,Enterprise,Asia,partial
0.11,-5.0,Manufacturing,Enterprise,Asia,none
12.82,-3.28,Agriculture,SME,North America,pilot
4.44,2.19,Finance,Startup,Europe,none
14.04,2.65,Agriculture,Enterprise,Asia,partial
9.16,8.51,Education,Startup,Asia,pilot
8.63,1.59,Retail,Startup,Europe,partial
8.2,3.41,Consulting,Startup,Asia,partial
6.72,-5.0,Healthcare,Startup,Oceania,pilot
10.7,-0.81,Finance,SME,Africa,partial
9.72,-1.95,Finance,SME,Africa,pilot
7.43,-1.55,Logistics,SME,Africa,pilot
12.14,6.03,Consulting,Startup,South America,partial
6.35,0.28,Consulting,SME,Oceania,pilot
12.73,6.23,Retail,SME,Asia,partial
14.85,9.39,Agriculture,SME,South America,partial
8.03,5.72,Manufacturing,SME,Asia,pilot
12.98,2.55,Healthcare,Startup,Asia,partial
9.88,5.22,Consulting,Startup,South America,pilot
12.44,-0.48,Manufacturing,Enterprise,Asia,pilot
13.73,11.44,Finance,SME,Europe,partial
9.48,12.46,Manufacturing,SME,Asia,partial
10.89,1.8,Education,Startup,North America,pilot
10.03,9.34,Retail,SME,Oceania,partial
11.54,3.74,Education,SME,Asia,partial
10.49,5.37,Education,SME,Asia,partial
2.2,0.36,Agriculture,Startup,Europe,pilot
7.81,4.86,Consulting,SME,Oceania,pilot
0.73,5.88,Consulting,SME,Asia,pilot
11.48,3.54,Healthcare,SME,Asia,pilot
6.75,3.15,Logistics,Enterprise,Asia,pilot
2.78,-0.89,Education,SME,Europe,none
12.94,7.42,Healthcare,Startup,South America,partial
6.13,4.8,Retail,SME,Asia,pilot
11.85,5.57,Finance,SME,Asia,partial
3.52,4.82,Retail,Startup,Europe,pilot
9.57,2.99,Technology,Startup,Asia,pilot
3.67,6.36,Healthcare,Startup,Africa,partial
19.23,5.92,Manufacturing,Enterprise,Oceania,full
10.55,-5.0,Manufacturing,Startup,Africa,partial
12.04,10.27,Technology,Startup,Europe,partial
11.16,6.65,Consulting,Enterprise,Europe,partial
8.77,5.05,Consulting,Startup,Africa,pilot
12.29,19.64,Technology,SME,Europe,partial
7.77,3.17,Technology,Startup,Asia,partial
0.83,1.42,Education,Startup,South America,pilot
7.05,2.02,Finance,SME,Africa,pilot
9.65,6.03,Consulting,SME,Oceania,partial
7.77,-1.1,Technology,Startup,Africa,pilot
10.55,9.38,Healthcare,Startup,Europe,partial
7.71,-5.0,Education,SME,Asia,pilot
13.74,4.21,Consulting,SME,Asia,partial
9.56,-2.64,Retail,SME,Europe,partial
8.21,5.55,Logistics,Startup,Europe,partial
4.96,-5.0,Education,Startup,North America,none
6.91,19.24,Consulting,SME,North America,pilot
4.25,7.26,Finance,Startup,Asia,pilot
3.67,8.87,Agriculture,SME,Asia,pilot
4.23,0.82,Consulting,Enterprise,Europe,pilot
4.89,1.63,Retail,Startup,Europe,pilot
16.71,1.54,Healthcare,Enterprise,North America,partial
11.43,-0.87,Technology,SME,Europe,pilot
7.44,-0.66,Logistics,Startup,South America,pilot
8.3,-1.13,Retail,Startup,Europe,pilot
0.96,5.36,Healthcare,Startup,Asia,pilot
3.23,-1.59,Logistics,SME,Asia,pilot
7.07,-1.24,Logistics,SME,Oceania,pilot
13.55,10.13,Finance,Startup,Asia,partial
0.66,2.33,Education,Startup,North America,pilot
15.28,6.58,Technology,Enterprise,Asia,partial
9.38,1.92,Manufacturing,SME,Europe,pilot
12.24,7.88,Manufacturing,SME,Asia,pilot
12.03,8.12,Agriculture,SME,Asia,pilot
3.86,-0.54,Healthcare,SME,Oceania,pilot
10.55,4.85,Education,SME,Asia,partial
4.79,3.14,Finance,Startup,Oceania,partial
11.58,4.09,Consulting,Startup,Asia,pilot
7.17,3.52,Healthcare,SME,Asia,pilot
16.03,8.02,Finance,SME,Europe,partial
6.53,10.13,Logistics,Startup,Europe,partial
15.14,0.84,Education,Startup,South America,partial
13.83,10.22,Agriculture,SME,Asia,partial
8.75,7.22,Agriculture,Startup,Asia,partial
6.66,2.7,Agriculture,SME,South America,pilot
5.92,2.24,Manufacturing,SME,Asia,pilot
9.22,1.32,Healthcare,Startup,Africa,partial
1.78,-5.0,Education,SME,South America,none
6.38,-0.88,Education,Startup,Europe,pilot
8.29,8.03,Retail,Startup,Asia,partial
6.47,7.7,Manufacturing,SME,Asia,partial
0.0,-5.0,Healthcare,Startup,Asia,pilot
15.26,5.28,Technology,SME,Asia,pilot
3.91,-0.34,Healthcare,Startup,North America,pilot
10.79,7.84,Retail,Enterprise,Asia,pilot
8.28,-2.57,Consulting,SME,Africa,pilot
8.51,11.65,Healthcare,Startup,Africa,partial
5.81,-3.61,Education,SME,Europe,pilot
15.95,11.43,Finance,Enterprise,Europe,full
11.64,2.92,Agriculture,Enterprise,Africa,pilot
8.92,12.32,Manufacturing,Enterprise,Asia,pilot
6.9,-1.89,Agriculture,Startup,Asia,pilot
14.13,12.14,Technology,Enterprise,Asia,partial
14.66,2.39,Finance,Startup,Asia,full
9.98,4.02,Logistics,SME,Asia,partial
8.84,9.36,Retail,SME,South America,pilot
2.49,2.31,Manufacturing,SME,Asia,pilot
8.35,5.56,Manufacturing,Enterprise,North America,partial
1.06,5.56,Manufacturing,SME,Asia,pilot
13.61,6.91,Agriculture,Startup,Europe,partial
14.21,3.3,Education,Startup,Asia,partial
11.61,-0.72,Finance,SME,Asia,partial
15.22,9.49,Retail,Enterprise,Oceania,partial
7.78,6.98,Technology,Startup,Europe,partial
6.34,2.2,Manufacturing,SME,South America,partial
11.07,5.1,Finance,SME,Africa,pilot
9.81,9.29,Retail,Enterprise,Europe,pilot
13.95,3.87,Healthcare,Enterprise,Asia,partial
12.23,5.04,Retail,SME,South America,partial
8.44,9.04,Consulting,Enterprise,Asia,partial
13.15,9.82,Manufacturing,Enterprise,Asia,partial
4.35,5.05,Education,SME,Europe,pilot
18.22,12.2,Technology,Enterprise,Africa,partial
11.1,12.91,Healthcare,SME,Asia,partial
5.53,0.29,Manufacturing,Startup,South America,pilot
12.74,7.36,Manufacturing,Enterprise,Asia,partial
16.52,9.94,Technology,SME,Asia,partial
7.7,2.21,Retail,Enterprise,Asia,pilot
6.56,2.74,Retail,Startup,Asia,pilot
2.31,4.31,Education,SME,Africa,pilot
7.16,-1.33,Manufacturing,Startup,Europe,partial
10.2,3.49,Education,SME,South America,partial
9.32,11.4,Manufacturing,Startup,Asia,pilot
4.08,-0.86,Consulting,SME,South America,none
10.39,9.06,Technology,SME,Asia,partial
9.75,2.73,Logistics,SME,Asia,partial
4.61,-5.0,Logistics,Enterprise,Europe,pilot
4.61,8.58,Consulting,Startup,Europe,pilot
5.86,5.84,Retail,SME,Asia,pilot
7.44,-2.57,Agriculture,Startup,Asia,partial
8.42,7.53,Education,Startup,Europe,partial
8.66,1.16,Healthcare,SME,Europe,partial
14.32,8.02,Consulting,Enterprise,North America,partial
5.29,2.64,Healthcare,Startup,Asia,none
11.46,22.6,Finance,SME,Europe,partial
7.45,3.57,Retail,Startup,Africa,partial
9.96,3.07,Education,Startup,Asia,partial
12.11,3.75,Education,Enterprise,Asia,partial
10.26,-5.0,Consulting,SME,Europe,partial
4.69,-5.0,Retail,Startup,Asia,partial
6.21,4.35,Manufacturing,Startup,Europe,none
10.66,5.24,Finance,SME,North America,partial
3.67,-4.87,Agriculture,SME,South America,none
14.15,-2.44,Technology,Enterprise,Asia,partial
11.9,2.06,Agriculture,Enterprise,Asia,partial
9.48,-2.57,Healthcare,Startup,Oceania,partial
9.27,3.23,Consulting,Enterprise,Europe,pilot
9.5,-1.85,Healthcare,Enterprise,South America,pilot
8.6,9.01,Finance,SME,Africa,partial
9.54,2.09,Technology,Startup,Africa,pilot
10.07,9.49,Technology,SME,Europe,partial
7.26,-0.35,Retail,SME,Asia,pilot
4.01,-3.08,Education,Startup,Asia,pilot
10.04,6.98,Manufacturing,SME,Asia,partial
12.26,3.43,Finance,Enterprise,Africa,pilot
4.07,7.34,Finance,SME,Asia,pilot
16.18,8.7,Education,Enterprise,Asia,full
10.9,4.47,Retail,SME,Asia,partial
17.34,14.47,Finance,Enterprise,Asia,partial
3.37,-2.52,Finance,SME,Asia,pilot
12.31,8.92,Technology,Enterprise,Europe,pilot
4.08,-5.0,Retail,Startup,Africa,pilot
13.37,9.48,Logistics,Startup,Asia,partial
6.17,1.28,Finance,Startup,South America,pilot
10.25,5.03,Manufacturing,SME,Asia,partial
13.75,11.57,Healthcare,Enterprise,Asia,partial
7.59,0.46,Logistics,Startup,Oceania,partial
14.85,10.88,Healthcare,SME,Asia,partial
6.99,1.81,Agriculture,SME,South America,pilot
12.08,-0.26,Technology,SME,Europe,pilot
9.98,7.98,Finance,Enterprise,Asia,partial
11.6,7.42,Healthcare,Startup,Europe,partial
10.2,3.76,Healthcare,SME,South America,pilot
3.3,-1.85,Finance,SME,Europe,pilot
8.14,2.23,Healthcare,Enterprise,Asia,partial
8.2,5.39,Finance,SME,South America,partial
7.05,-0.43,Retail,Startup,South America,pilot
4.36,-5.0,Healthcare,Startup,Asia,pilot
7.67,7.27,Consulting,SME,Oceania,pilot
4.16,0.47,Education,SME,Asia,pilot
16.65,9.73,Technology,Startup,Europe,partial
11.87,9.29,Healthcare,SME,Africa,partial
1.32,0.85,Technology,SME,Europe,none
3.83,4.19,Education,Startup,Asia,pilot
8.67,8.65,Manufacturing,Enterprise,Europe,pilot
7.53,0.02,Retail,Startup,Europe,pilot
6.96,-1.9,Consulting,Startup,Europe,pilot
2.16,-5.0,Finance,SME,Asia,none
13.46,15.69,Retail,SME,Europe,partial
4.32,9.29,Education,SME,Africa,pilot
18.13,8.3,Technology,SME,Africa,partial
7.96,15.32,Manufacturing,Enterprise,Oceania,partial
6.57,-3.41,Healthcare,Startup,South America,pilot
8.3,2.56,Logistics,Startup,Europe,pilot
15.42,6.84,Technology,Startup,South America,partial
11.55,-1.87,Education,Startup,Europe,partial
6.42,-2.05,Agriculture,Startup,South America,pilot
9.87,11.87,Agriculture,SME,Europe,partial
11.74,4.55,Technology,SME,Europe,pilot
16.15,0.53,Education,Enterprise,North America,partial
2.33,-5.0,Education,SME,Europe,pilot
7.19,-3.64,Retail,Enterprise,Europe,pilot
4.03,3.24,Agriculture,Startup,South America,pilot
12.92,2.72,Consulting,SME,South America,partial
8.59,6.73,Manufacturing,SME,Africa,pilot
10.6,6.46,Finance,SME,Europe,partial
7.09,1.0,Retail,SME,Africa,partial
10.08,6.03,Education,Startup,Asia,partial
7.13,14.52,Consulting,Startup,Asia,partial
16.74,1.75,Agriculture,Enterprise,Asia,partial
8.32,3.75,Technology,SME,Europe,pilot
3.24,3.99,Finance,Startup,Europe,pilot
12.36,8.81,Healthcare,SME,Africa,pilot
6.01,-0.44,Healthcare,SME,Africa,pilot
6.86,-0.83,Healthcare,Startup,Europe,pilot
8.13,-4.55,Manufacturing,SME,Europe,pilot
8.43,8.6,Logistics,SME,Asia,pilot
5.4,-1.32,Healthcare,SME,South America,pilot
3.83,3.41,Agriculture,Startup,Asia,pilot
14.49,3.72,Technology,SME,Europe,partial
15.19,17.54,Logistics,Enterprise,Oceania,partial
8.37,5.34,Healthcare,Startup,Africa,pilot
8.81,4.23,Retail,SME,Asia,partial
8.21,2.12,Finance,Startup,Africa,partial
5.14,-0.54,Manufacturing,Startup,Asia,pilot
10.62,3.36,Manufacturing,Enterprise,North America,partial
11.05,10.53,Healthcare,SME,Asia,partial
5.91,8.24,Retail,Startup,Asia,partial
14.08,8.42,Finance,SME,Asia,partial
5.42,-3.57,Consulting,Startup,Asia,partial
4.7,7.92,Agriculture,Startup,Africa,pilot
8.92,11.28,Consulting,SME,Oceania,pilot
11.94,4.72,Healthcare,Enterprise,Asia,partial
13.41,9.7,Technology,SME,Oceania,partial
8.34,0.14,Education,Startup,Europe,pilot
4.85,-2.16,Agriculture,Startup,South America,pilot
11.96,10.25,Finance,Enterprise,Africa,pilot
9.24,1.25,Education,Startup,Africa,partial
9.44,8.98,Manufacturing,Enterprise,Africa,partial
1.8,-3.05,Education,Startup,Europe,pilot
6.78,3.27,Logistics,Startup,Europe,pilot
14.57,11.25,Education,Enterprise,Europe,partial
10.4,0.97,Healthcare,Enterprise,Asia,partial
5.79,9.66,Healthcare,SME,Asia,pilot
14.7,0.73,Technology,SME,Asia,partial
7.46,9.42,Retail,SME,Europe,pilot
7.73,1.96,Manufacturing,Enterprise,Europe,pilot
14.59,20.4,Agriculture,Enterprise,Oceania,partial
7.53,3.45,Finance,Enterprise,South America,pilot
13.43,6.3,Agriculture,SME,Europe,partial
1.64,-1.85,Finance,Startup,Europe,pilot
10.84,6.03,Technology,Startup,Asia,partial
10.96,4.08,Healthcare,SME,South America,partial
10.7,6.72,Retail,Enterprise,Oceania,partial
10.58,4.89,Technology,Enterprise,North America,partial
9.78,2.01,Education,Startup,Europe,partial
12.12,11.21,Healthcare,SME,Asia,partial
16.2,6.16,Healthcare,Enterprise,Asia,partial
10.91,2.61,Agriculture,SME,Asia,partial
13.18,4.47,Logistics,SME,Europe,partial
6.24,2.73,Retail,SME,Asia,pilot
8.54,-3.06,Healthcare,Enterprise,Europe,partial
10.28,3.37,Agriculture,Startup,Europe,partial
10.0,-5.0,Education,SME,Africa,partial
7.63,4.03,Agriculture,Startup,Africa,pilot
9.15,8.82,Agriculture,SME,Europe,pilot
10.1,2.18,Education,Startup,Asia,partial
16.32,11.81,Technology,SME,Asia,partial
12.53,11.49,Technology,Enterprise,Europe,partial
7.96,3.38,Healthcare,Startup,Asia,pilot
14.45,10.04,Technology,Startup,Europe,partial
6.8,7.26,Healthcare,SME,Asia,pilot
11.72,-1.85,Consulting,Enterprise,Asia,partial
8.49,10.87,Retail,Enterprise,Asia,partial
7.19,8.27,Finance,SME,North America,pilot
9.69,6.93,Technology,SME,South America,pilot
7.76,1.38,Manufacturing,SME,Asia,pilot
5.99,-1.66,Healthcare,Startup,Europe,pilot
3.5,-2.03,Agriculture,SME,Asia,pilot
16.24,11.7,Agriculture,SME,Oceania,partial
9.98,5.74,Finance,Enterprise,Asia,pilot
8.98,5.33,Manufacturing,Startup,Europe,pilot
8.48,7.41,Retail,SME,Europe,partial
9.85,1.38,Logistics,Startup,Africa,partial
3.31,-5.0,Manufacturing,Startup,Asia,pilot
7.94,2.65,Retail,Startup,Asia,pilot
13.01,4.4,Finance,Startup,Asia,partial
7.18,5.78,Finance,Startup,Asia,pilot
10.82,7.98,Retail,Startup,Europe,partial
6.13,-5.0,Consulting,SME,South America,pilot
12.65,8.43,Technology,SME,Asia,partial
11.37,8.11,Technology,SME,Africa,pilot
10.29,10.22,Finance,SME,Oceania,partial
11.89,7.68,Education,Enterprise,South America,partial
10.44,12.94,Consulting,SME,Asia,partial
15.04,11.44,Consulting,SME,Europe,partial
8.91,1.92,Agriculture,Startup,Europe,partial
12.77,10.76,Healthcare,SME,South America,partial
9.1,5.96,Retail,SME,Asia,pilot
14.6,17.02,Manufacturing,SME,Asia,partial
12.49,12.11,Finance,Enterprise,Europe,partial
7.51,-1.17,Education,SME,Asia,partial
15.17,11.34,Education,Enterprise,Europe,partial
13.15,4.03,Technology,SME,Europe,partial
13.62,6.08,Technology,Startup,Oceania,partial
11.72,12.5,Agriculture,Enterprise,Asia,partial
10.96,12.76,Finance,Enterprise,Africa,partial
12.07,22.18,Agriculture,Startup,North America,partial
4.04,1.54,Manufacturing,SME,Africa,none
6.59,-1.65,Agriculture,Startup,Africa,pilot
3.06,8.57,Agriculture,SME,Africa,none
9.52,16.95,Logistics,Startup,Asia,partial
1.15,-5.0,Finance,Startup,Asia,pilot
7.7,4.97,Healthcare,SME,Africa,pilot
8.02,-0.05,Technology,SME,Asia,partial
8.88,8.49,Logistics,Startup,Africa,partial
17.11,9.33,Technology,Enterprise,Europe,partial
8.43,8.47,Education,Enterprise,Asia,pilot
9.31,-2.86,Agriculture,SME,Asia,partial
8.85,12.94,Finance,Startup,Asia,partial
7.69,3.48,Retail,SME,Africa,pilot
10.62,1.87,Agriculture,Enterprise,Europe,partial
12.43,8.97,Technology,SME,Asia,partial
13.03,17.0,Agriculture,Enterprise,South America,partial
8.23,5.23,Retail,Enterprise,Africa,pilot
1.48,2.09,Consulting,Startup,Asia,pilot
10.39,11.2,Consulting,SME,Africa,partial
14.22,9.82,Manufacturing,SME,Africa,partial
10.87,1.35,Technology,Enterprise,Asia,partial
6.16,1.68,Healthcare,Enterprise,Asia,partial
15.58,10.42,Logistics,SME,Asia,partial
18.44,9.87,Technology,Enterprise,Africa,partial
3.82,9.36,Finance,Startup,Europe,pilot
7.41,4.25,Education,SME,Europe,pilot
17.75,15.13,Technology,Enterprise,Europe,partial
6.9,3.92,Retail,SME,North America,none
7.26,6.75,Education,Startup,Europe,pilot
10.29,1.71,Agriculture,SME,Asia,pilot
8.57,-1.28,Agriculture,SME,Europe,pilot
9.45,5.2,Consulting,SME,North America,pilot
10.22,1.96,Finance,SME,Asia,pilot
10.09,9.21,Manufacturing,SME,Asia,partial
12.37,2.08,Healthcare,Startup,Africa,partial
7.94,6.77,Healthcare,SME,Asia,pilot
9.38,15.37,Technology,SME,South America,partial
11.34,4.38,Finance,Startup,South America,partial
7.33,-1.45,Education,Startup,Asia,partial
12.1,1.32,Retail,Startup,Asia,pilot
11.05,2.93,Logistics,SME,North America,partial
12.98,9.21,Education,Startup,Oceania,partial
15.84,8.67,Finance,SME,Asia,partial
12.12,5.36,Education,SME,Asia,partial
12.4,-1.26,Finance,SME,Oceania,pilot
15.62,12.47,Technology,Startup,Asia,partial
7.47,0.42,Agriculture,Startup,Europe,none
12.06,5.7,Finance,SME,Asia,pilot
5.78,6.92,Agriculture,SME,South America,pilot
13.48,8.44,Retail,SME,Asia,partial
13.16,15.54,Retail,SME,Asia,partial
10.08,6.56,Education,Enterprise,Africa,partial
7.67,-0.01,Finance,Startup,Asia,pilot
17.07,11.25,Consulting,SME,Africa,partial
2.22,5.1,Retail,SME,Europe,pilot
9.32,4.61,Consulting,Enterprise,Asia,partial
8.51,-4.31,Agriculture,Startup,North America,partial
7.39,-2.59,Education,Startup,Asia,pilot
5.94,5.37,Consulting,Startup,South America,none
6.0,6.4,Manufacturing,SME,Europe,pilot
12.02,7.74,Agriculture,Enterprise,Europe,pilot
4.81,2.81,Healthcare,Startup,Oceania,partial
9.6,1.15,Finance,SME,Africa,partial
4.81,-5.0,Finance,SME,Africa,none
13.04,4.03,Consulting,SME,Oceania,partial
9.73,-5.0,Technology,Enterprise,Europe,pilot
5.43,-4.7,Education,SME,Oceania,pilot
7.7,7.49,Manufacturing,SME,Oceania,pilot
7.81,-0.96,Manufacturing,SME,Asia,pilot
4.8,0.11,Logistics,SME,Asia,none
3.54,-5.0,Manufacturing,Startup,Europe,pilot
9.53,-2.75,Agriculture,SME,Europe,pilot
6.09,3.95,Consulting,Startup,Asia,pilot
6.91,2.79,Healthcare,Startup,Europe,partial
11.95,9.49,Manufacturing,Enterprise,Asia,partial
18.99,16.33,Technology,SME,Africa,full
7.58,7.43,Logistics,SME,Europe,partial
6.73,9.21,Technology,SME,South America,pilot
15.83,4.4,Finance,SME,South America,partial
6.94,-2.77,Consulting,Startup,Asia,pilot
4.64,3.29,Consulting,Startup,Asia,pilot
15.24,8.35,Healthcare,SME,Oceania,partial
13.05,-2.58,Manufacturing,Enterprise,Asia,pilot
10.77,3.36,Education,SME,Europe,pilot
7.53,0.51,Manufacturing,Startup,South America,pilot
16.18,7.8,Finance,Enterprise,Africa,full
9.75,0.35,Finance,SME,Africa,partial
4.5,-2.98,Agriculture,Startup,Europe,pilot
11.75,9.4,Agriculture,Startup,Europe,partial
9.33,-5.0,Education,Enterprise,Asia,partial
15.93,12.64,Manufacturing,Enterprise,South America,partial
6.03,13.16,Finance,SME,Asia,partial
12.56,0.59,Consulting,Enterprise,South America,partial
7.89,-0.56,Finance,Startup,Asia,partial
4.37,7.82,Retail,Startup,Asia,pilot
0.54,8.43,Manufacturing,SME,Asia,pilot
8.91,5.99,Logistics,Enterprise,North America,partial
11.95,6.06,Logistics,Startup,Africa,partial
9.89,18.04,Education,SME,Oceania,partial
13.37,6.18,Finance,Enterprise,South America,partial
8.77,-5.0,Education,Startup,Oceania,partial
1.2,-3.17,Finance,SME,Europe,none
13.05,7.62,Technology,Enterprise,Europe,partial
11.13,4.03,Finance,Startup,Oceania,pilot
10.2,3.99,Agriculture,Startup,South America,pilot
7.07,-5.0,Finance,Startup,Africa,pilot
5.51,2.19,Retail,SME,Europe,none
5.25,4.78,Logistics,Startup,South America,pilot
2.78,0.21,Logistics,Startup,Europe,none
7.31,6.74,Agriculture,Startup,Asia,pilot
6.79,-0.75,Retail,SME,Europe,pilot
5.74,10.14,Healthcare,SME,South America,pilot
11.35,2.5,Consulting,Startup,South America,pilot
5.45,16.02,Retail,Enterprise,South America,partial
3.78,2.4,Logistics,SME,Oceania,pilot
5.24,7.9,Finance,SME,Oceania,pilot
10.58,16.31,Logistics,Startup,Oceania,partial
10.6,2.27,Retail,SME,North America,partial
14.73,13.95,Finance,Enterprise,Asia,partial
11.07,2.37,Education,SME,North America,partial
7.83,8.18,Agriculture,Startup,Asia,pilot
8.5,3.75,Agriculture,Startup,South America,pilot
3.08,4.37,Technology,Startup,Africa,none
8.61,-1.14,Finance,Enterprise,Asia,pilot
4.04,10.91,Retail,Startup,South America,none
10.68,11.05,Finance,Startup,Africa,pilot
3.72,-2.32,Technology,SME,Europe,pilot
5.84,18.85,Healthcare,SME,South America,pilot
4.75,3.48,Agriculture,SME,Oceania,pilot
7.56,-4.56,Finance,Enterprise,South America,partial
10.29,6.43,Healthcare,Startup,North America,partial
9.27,13.09,Agriculture,Startup,Asia,pilot
1.95,-0.93,Manufacturing,SME,Europe,none
16.38,4.44,Retail,SME,Asia,partial
9.43,8.63,Agriculture,Startup,North America,pilot
8.1,8.38,Agriculture,Startup,South America,pilot
6.75,-0.23,Agriculture,Startup,Asia,pilot
17.15,6.95,Healthcare,SME,Asia,partial
10.0,-0.24,Agriculture,SME,Asia,pilot
15.35,9.88,Finance,SME,Asia,partial
6.97,-5.0,Retail,SME,Asia,pilot
13.45,0.39,Education,Startup,Asia,partial
5.32,-2.17,Healthcare,Startup,Africa,pilot
13.6,-0.01,Manufacturing,SME,Asia,partial
17.18,14.54,Manufacturing,Enterprise,Europe,partial
9.13,7.47,Technology,SME,South America,partial
8.83,7.98,Healthcare,SME,Asia,partial
8.66,12.44,Healthcare,Startup,Europe,partial
8.62,3.3,Retail,Startup,Europe,partial
8.8,10.64,Manufacturing,SME,Asia,pilot
4.0,2.4,Agriculture,Startup,South America,pilot
12.46,5.06,Education,SME,Asia,partial
6.35,8.15,Retail,Startup,Europe,pilot
13.53,16.48,Consulting,SME,Europe,full
9.49,5.46,Retail,SME,Europe,partial
3.63,-1.3,Education,SME,Europe,none
10.38,5.74,Logistics,Enterprise,Europe,partial
3.56,5.34,Finance,Startup,South America,pilot
10.36,0.73,Retail,Startup,Oceania,partial
14.49,5.86,Consulting,Enterprise,Europe,partial
11.41,8.7,Consulting,Enterprise,Europe,partial
9.36,-0.49,Manufacturing,Startup,Asia,pilot
13.18,0.79,Manufacturing,Startup,North America,partial
13.23,4.25,Healthcare,Enterprise,Europe,partial
13.61,3.7,Agriculture,SME,Africa,partial
11.04,7.16,Finance,Enterprise,South America,partial
11.22,1.06,Logistics,Startup,Asia,pilot
4.71,4.63,Finance,Startup,Asia,pilot
6.54,-0.84,Agriculture,Startup,South America,pilot
9.67,4.44,Agriculture,SME,South America,partial
9.29,1.14,Manufacturing,SME,Oceania,pilot
4.74,-3.03,Technology,SME,Europe,none
10.45,-2.38,Finance,SME,Asia,partial
6.83,4.57,Consulting,SME,Europe,partial
15.16,2.5,Logistics,Enterprise,North America,partial
5.93,0.85,Consulting,Enterprise,Asia,pilot
1.5,2.89,Manufacturing,SME,Africa,pilot
7.09,2.3,Finance,Startup,Asia,pilot
6.77,8.32,Retail,Startup,South America,partial
5.76,2.07,Education,Startup,Oceania,pilot
5.54,-0.19,Logistics,SME,Africa,pilot
12.01,6.14,Logistics,Enterprise,Asia,partial
7.19,1.24,Healthcare,SME,Asia,pilot
7.33,6.2,Retail,Startup,North America,partial
8.03,10.49,Agriculture,Startup,Europe,pilot
16.27,7.68,Finance,Enterprise,Europe,partial
21.94,9.93,Technology,Enterprise,Asia,full
10.48,6.82,Manufacturing,Startup,South America,pilot
8.52,12.69,Agriculture,Startup,Europe,pilot
7.58,6.04,Education,SME,Europe,partial
11.49,1.75,Retail,Startup,South America,partial
6.98,-2.17,Technology,SME,Africa,pilot
15.6,13.2,Technology,Enterprise,Africa,partial
8.04,-5.0,Retail,Startup,Europe,pilot
13.23,16.17,Technology,Startup,Asia,partial
8.06,2.53,Education,SME,Africa,pilot
3.76,5.33,Healthcare,Startup,Europe,pilot
12.67,5.43,Technology,SME,Europe,pilot
12.6,6.08,Finance,SME,Asia,partial
15.51,2.49,Technology,SME,Europe,partial
11.69,3.77,Technology,SME,South America,partial
6.15,2.52,Logistics,Enterprise,South America,pilot
7.26,4.34,Healthcare,Startup,Europe,pilot
7.39,2.59,Healthcare,Startup,Asia,pilot
6.75,8.74,Finance,Startup,Africa,pilot
8.58,7.32,Agriculture,SME,Asia,pilot
13.66,12.46,Technology,SME,Asia,partial
2.31,-2.83,Education,SME,Europe,pilot
4.24,-3.31,Finance,SME,Asia,pilot
10.61,0.15,Agriculture,SME,Asia,pilot
11.43,9.95,Manufacturing,SME,Europe,pilot
10.74,-1.46,Education,Enterprise,Europe,partial
9.6,11.16,Logistics,SME,Asia,partial
1.54,2.08,Agriculture,Startup,Africa,pilot
2.87,2.88,Retail,Startup,Asia,pilot
10.62,9.74,Healthcare,Startup,Asia,partial
4.29,7.05,Manufacturing,SME,Europe,pilot
6.4,1.96,Technology,Startup,Europe,partial
10.31,-0.02,Manufacturing,Startup,Asia,pilot
5.96,-1.45,Healthcare,Startup,Europe,pilot
7.0,1.92,Consulting,Startup,Asia,pilot
12.05,7.52,Technology,Startup,North America,partial
8.63,1.58,Logistics,Enterprise,South America,pilot
3.81,0.76,Education,SME,Europe,pilot
5.12,4.4,Consulting,SME,Africa,pilot
9.98,4.93,Retail,SME,Europe,pilot
12.13,-5.0,Retail,SME,South America,pilot
9.96,6.54,Agriculture,SME,North America,pilot
5.71,7.07,Retail,SME,Oceania,partial
15.17,18.96,Technology,SME,Asia,partial
3.45,-4.01,Agriculture,Startup,Africa,none
7.54,3.51,Agriculture,Startup,Asia,pilot
10.36,1.25,Education,Startup,South America,partial
8.16,8.43,Manufacturing,Startup,Europe,partial
10.48,-0.37,Logistics,Startup,Africa,pilot
9.14,10.34,Manufacturing,Enterprise,South America,partial
14.44,2.95,Logistics,SME,Europe,partial
4.65,-3.29,Finance,Startup,Asia,none
3.83,-5.0,Healthcare,Enterprise,Africa,none
15.08,18.86,Agriculture,SME,North America,partial
9.63,8.86,Finance,SME,Asia,partial
12.66,12.79,Education,Enterprise,South America,partial
13.8,12.78,Technology,SME,Asia,partial
9.07,8.22,Education,SME,Asia,partial
14.1,5.38,Finance,SME,Europe,partial
7.3,3.59,Healthcare,Startup,Africa,pilot
9.8,-4.26,Logistics,SME,Asia,partial
11.11,8.51,Education,Enterprise,South America,pilot
10.65,8.07,Retail,SME,Europe,pilot
13.88,11.2,Retail,Startup,South America,partial
12.19,0.82,Logistics,SME,Africa,partial
3.05,-1.49,Education,Enterprise,Asia,pilot
11.92,9.22,Retail,Enterprise,Africa,partial
8.36,-1.96,Agriculture,SME,Europe,pilot
10.62,3.51,Healthcare,Startup,Africa,partial
3.41,6.42,Healthcare,SME,Oceania,pilot
12.27,14.24,Education,SME,Asia,partial
8.36,5.85,Manufacturing,Startup,Europe,partial
21.84,10.92,Technology,Enterprise,Asia,full
9.78,-5.0,Agriculture,Startup,Asia,pilot
9.72,13.52,Finance,Startup,Asia,partial
6.73,2.63,Finance,SME,Europe,pilot
14.25,9.96,Finance,Enterprise,Europe,partial
9.09,-1.49,Retail,Startup,South America,partial
12.32,10.3,Technology,SME,South America,partial
15.2,3.42,Logistics,Startup,Europe,partial
4.16,-5.0,Finance,Startup,Africa,pilot
11.18,14.52,Healthcare,SME,South America,partial
6.7,12.19,Consulting,SME,Africa,partial
9.35,0.8,Technology,SME,Africa,partial
10.73,-2.39,Manufacturing,SME,South America,partial
5.86,3.5,Retail,SME,Asia,pilot
9.26,-3.51,Healthcare,Startup,South America,partial
6.77,8.66,Agriculture,SME,Europe,pilot
4.13,1.46,Agriculture,Startup,Asia,pilot
11.3,4.73,Technology,SME,Africa,partial
13.58,3.61,Technology,Startup,South America,partial
6.17,1.38,Education,Startup,Asia,pilot
16.45,8.09,Consulting,SME,Asia,partial
3.97,3.15,Manufacturing,SME,Asia,pilot
5.27,5.77,Healthcare,SME,Oceania,pilot
11.07,7.93,Retail,SME,Asia,pilot
10.93,9.58,Healthcare,SME,Oceania,pilot
12.1,6.2,Consulting,SME,Europe,pilot
11.52,-0.92,Manufacturing,Startup,Europe,partial
7.62,4.8,Education,Startup,Asia,pilot
7.19,0.13,Retail,Startup,Oceania,pilot
2.68,0.76,Consulting,SME,Asia,partial
10.33,-2.44,Retail,Enterprise,North America,pilot
6.44,-5.0,Finance,Startup,South America,partial
11.49,11.43,Technology,SME,Africa,pilot
9.34,18.05,Education,Startup,Oceania,partial
7.48,7.86,Finance,Enterprise,Oceania,pilot
7.52,3.6,Education,SME,Asia,pilot
1.69,-5.0,Education,Startup,North America,none
9.31,3.25,Technology,SME,Africa,pilot
2.52,1.19,Manufacturing,Startup,Europe,pilot
9.25,10.91,Healthcare,SME,Asia,partial
4.11,4.47,Consulting,SME,Asia,pilot
12.0,14.58,Technology,SME,Africa,partial
7.5,0.6,Manufacturing,SME,Europe,pilot
15.11,4.65,Technology,Enterprise,Africa,partial
16.79,17.03,Finance,SME,Asia,partial
11.13,6.72,Consulting,Enterprise,Asia,pilot
7.97,10.18,Manufacturing,Enterprise,Europe,pilot
9.43,4.12,Education,SME,Europe,pilot
8.68,4.98,Agriculture,SME,Oceania,partial
5.0,2.18,Manufacturing,SME,Asia,pilot
9.21,4.15,Healthcare,SME,South America,partial
5.79,8.88,Retail,SME,Asia,partial
5.28,-5.0,Consulting,SME,Asia,pilot
12.54,10.85,Manufacturing,Enterprise,Africa,partial
5.32,7.62,Finance,SME,Europe,none
9.33,3.16,Finance,Startup,Africa,partial
7.2,-5.0,Technology,SME,North America,none
12.14,13.63,Education,SME,Africa,partial
1.55,-4.27,Agriculture,Startup,Oceania,pilot
10.74,7.64,Healthcare,Enterprise,South America,pilot
4.74,-0.52,Healthcare,SME,Asia,pilot
7.12,2.08,Finance,Startup,North America,pilot
13.0,-5.0,Finance,Startup,Europe,partial
7.4,1.06,Consulting,SME,Asia,pilot
7.55,1.02,Education,SME,North America,pilot
11.99,6.6,Finance,SME,Africa,partial
10.24,6.98,Manufacturing,Startup,Europe,pilot
9.64,2.39,Technology,SME,Africa,partial
10.88,13.67,Technology,Enterprise,North America,partial
3.59,-3.91,Education,SME,Asia,pilot
9.44,5.03,Manufacturing,Startup,Asia,pilot
6.08,-0.39,Manufacturing,SME,Africa,pilot
14.68,1.41,Finance,Enterprise,Asia,partial
16.11,2.25,Technology,Enterprise,North America,partial
9.53,6.21,Logistics,Enterprise,South America,pilot
8.57,-1.03,Retail,Enterprise,Africa,pilot
5.46,1.58,Retail,Startup,South America,pilot
17.67,3.55,Logistics,Enterprise,Africa,partial
9.9,9.63,Finance,SME,Europe,partial
7.57,7.49,Education,Startup,Europe,pilot
6.63,8.44,Consulting,Startup,Asia,partial
9.0,2.24,Education,Startup,North America,pilot
10.24,-5.0,Healthcare,Startup,Asia,partial
7.02,0.65,Agriculture,Enterprise,South America,pilot
10.88,7.53,Consulting,Startup,Europe,partial
9.35,20.99,Retail,Startup,Africa,partial
9.48,1.66,Manufacturing,SME,Europe,pilot
12.86,5.24,Agriculture,SME,Africa,partial
8.22,5.45,Manufacturing,Startup,South America,pilot
17.33,0.85,Retail,Startup,Europe,partial
7.31,12.15,Logistics,SME,Europe,partial
3.46,-4.08,Healthcare,Startup,Africa,pilot
13.16,11.64,Technology,Startup,Europe,partial
10.49,-0.72,Agriculture,Startup,Asia,partial
8.77,1.98,Logistics,Startup,Europe,partial
12.18,6.06,Technology,Startup,Europe,pilot
4.47,4.42,Retail,Startup,Asia,pilot
8.27,-0.75,Finance,Enterprise,Africa,pilot
8.76,-5.0,Education,SME,Europe,pilot
14.1,-2.44,Agriculture,SME,Asia,pilot
9.48,5.28,Logistics,Startup,Asia,pilot
3.31,2.48,Healthcare,SME,North America,partial
5.51,9.88,Retail,SME,Africa,pilot
14.79,15.14,Technology,SME,Europe,partial
12.34,-2.81,Agriculture,Enterprise,Asia,pilot
5.66,0.45,Retail,SME,Africa,pilot
8.19,4.19,Healthcare,Enterprise,Asia,pilot
6.47,0.8,Consulting,Enterprise,Africa,pilot
15.47,6.81,Agriculture,Enterprise,Europe,partial
7.92,3.58,Consulting,Startup,Asia,pilot
4.87,-5.0,Retail,Startup,Asia,pilot
2.04,-1.29,Manufacturing,SME,Asia,none
17.73,-1.51,Manufacturing,Enterprise,Asia,partial
12.79,0.46,Manufacturing,Enterprise,Asia,partial
9.29,-2.88,Healthcare,Enterprise,Europe,pilot
7.46,4.75,Finance,Startup,Asia,partial
13.39,2.2,Finance,SME,Asia,partial
5.22,2.38,Finance,Enterprise,Europe,pilot
7.56,1.95,Manufacturing,Enterprise,Asia,pilot
11.98,15.32,Education,SME,Oceania,partial
12.44,-1.31,Technology,SME,Asia,partial
8.28,5.86,Healthcare,Enterprise,Europe,partial
6.06,6.74,Logistics,Enterprise,Asia,pilot
8.62,4.09,Retail,SME,Asia,partial
13.66,5.07,Agriculture,Startup,Europe,partial
6.93,4.18,Agriculture,SME,Africa,pilot
11.43,1.54,Consulting,SME,Africa,pilot
6.28,9.27,Finance,Startup,Europe,pilot
12.6,-2.47,Agriculture,SME,Europe,partial
8.57,7.36,Agriculture,Enterprise,South America,pilot
4.91,0.67,Healthcare,SME,South America,pilot
6.12,0.03,Consulting,SME,South America,pilot
13.72,12.63,Logistics,Enterprise,Asia,partial
14.38,0.49,Technology,Startup,Europe,partial
12.57,7.85,Healthcare,SME,Asia,partial
10.27,8.87,Manufacturing,SME,Europe,partial
15.31,9.18,Agriculture,SME,South America,partial
13.98,2.5,Finance,SME,Europe,partial
13.19,-3.34,Technology,SME,Africa,partial
9.78,14.37,Manufacturing,SME,South America,pilot
12.88,17.5,Technology,SME,South America,partial
12.5,15.05,Healthcare,SME,Asia,partial
11.16,3.73,Manufacturing,Enterprise,North America,partial
3.75,1.77,Logistics,Startup,Europe,pilot
12.98,-5.0,Education,Enterprise,Asia,partial
8.31,2.05,Manufacturing,Startup,Africa,pilot
13.52,0.83,Education,Startup,Europe,partial
13.41,10.62,Education,Startup,Asia,pilot
7.09,-2.6,Education,Startup,Asia,pilot
9.2,-5.0,Finance,Startup,Europe,pilot
13.47,3.55,Manufacturing,Startup,Europe,partial
11.2,3.75,Technology,Startup,Asia,pilot
5.11,5.49,Education,Enterprise,Asia,pilot
10.49,4.06,Logistics,Startup,Asia,pilot
5.59,-1.14,Logistics,Startup,Europe,pilot
7.48,-3.69,Retail,SME,Asia,pilot
3.15,3.42,Logistics,SME,Asia,pilot
4.63,-5.0,Agriculture,Startup,South America,pilot
12.52,-1.9,Education,SME,Europe,pilot
14.46,0.01,Education,Enterprise,Europe,partial
0.0,5.96,Agriculture,Startup,Europe,pilot
7.93,6.46,Finance,Startup,Africa,pilot
7.94,-0.34,Manufacturing,SME,Asia,partial
8.58,3.03,Retail,SME,Europe,pilot
8.87,6.18,Education,Startup,Europe,partial
6.29,5.92,Agriculture,Startup,Europe,pilot
5.37,-0.57,Logistics,SME,North America,pilot
7.11,-3.25,Retail,SME,Asia,pilot
10.73,2.83,Retail,Startup,Oceania,pilot
3.88,-3.72,Logistics,Startup,Europe,pilot
15.31,1.17,Retail,Enterprise,Europe,partial
6.88,14.06,Logistics,Startup,Asia,pilot
2.29,7.19,Retail,Startup,South America,none
9.9,5.84,Manufacturing,Startup,South America,pilot
11.81,8.19,Consulting,Enterprise,Africa,pilot
10.15,3.5,Education,Startup,Europe,partial
4.87,6.59,Technology,Startup,Europe,pilot
9.55,4.89,Agriculture,Startup,Asia,pilot
3.73,6.49,Agriculture,Startup,Europe,pilot
5.2,-1.07,Finance,SME,Europe,pilot
8.22,-3.6,Agriculture,Startup,Europe,pilot
8.36,3.75,Retail,SME,Europe,pilot
15.27,4.39,Manufacturing,SME,Asia,partial
2.14,15.76,Consulting,Startup,Asia,partial
5.52,1.6,Logistics,Startup,North America,pilot
6.56,-5.0,Agriculture,Startup,Asia,none
11.62,-4.94,Agriculture,Enterprise,Europe,partial
11.04,16.3,Logistics,SME,South America,pilot
10.52,5.1,Education,Enterprise,Africa,partial
14.86,8.58,Retail,SME,South America,partial
13.46,19.24,Consulting,Enterprise,Asia,partial
8.84,7.17,Consulting,Enterprise,Asia,partial
17.76,2.94,Retail,SME,Asia,partial
16.92,11.01,Manufacturing,SME,South America,partial
11.28,9.12,Healthcare,SME,Oceania,partial
17.93,9.71,Agriculture,Enterprise,Europe,partial
9.35,7.72,Healthcare,Startup,Europe,pilot
8.82,12.1,Technology,SME,Oceania,pilot
3.22,-3.21,Finance,Startup,Europe,pilot
6.03,10.1,Finance,Startup,South America,partial
10.35,5.54,Technology,Enterprise,Africa,partial
10.65,15.6,Technology,SME,Europe,pilot
11.59,-1.81,Technology,Startup,Asia,partial
10.17,-0.64,Education,SME,Europe,pilot
6.89,1.74,Manufacturing,Startup,Asia,pilot
5.64,0.07,Healthcare,SME,South America,pilot
8.12,16.52,Finance,Startup,South America,pilot
8.67,-0.14,Education,SME,Asia,pilot
5.02,3.28,Logistics,SME,Africa,pilot
10.54,6.75,Education,Enterprise,Europe,partial
5.83,7.73,Education,Startup,Europe,partial
10.53,5.67,Agriculture,SME,Asia,partial
13.8,5.05,Technology,SME,Asia,partial
15.22,8.0,Consulting,SME,Asia,partial
8.35,-2.06,Finance,Enterprise,North America,pilot
1.53,-1.92,Consulting,SME,Asia,pilot
13.09,4.54,Technology,SME,South America,pilot
16.73,8.38,Education,Enterprise,Europe,partial
7.31,-1.95,Healthcare,Startup,Oceania,pilot
13.3,14.19,Finance,SME,Europe,pilot
7.78,0.66,Consulting,SME,South America,pilot
8.98,-1.42,Retail,SME,Europe,pilot
4.03,1.51,Healthcare,Startup,Oceania,pilot
7.71,7.14,Agriculture,SME,North America,partial
10.0,4.32,Technology,Startup,Africa,pilot
7.57,10.03,Agriculture,Startup,Asia,pilot
6.58,-2.08,Retail,Startup,Asia,partial
7.68,-1.68,Retail,SME,Asia,pilot
14.57,8.93,Technology,Startup,Europe,partial
7.24,5.84,Agriculture,Startup,Europe,partial
8.39,1.83,Manufacturing,Startup,Europe,partial
0.34,9.45,Agriculture,Startup,Europe,none
10.9,10.0,Logistics,Startup,Europe,partial
6.39,0.02,Manufacturing,SME,Africa,pilot
12.46,3.91,Finance,Startup,Africa,partial
3.49,1.81,Logistics,Startup,Asia,pilot
4.98,-3.39,Manufacturing,SME,Asia,pilot
6.84,2.35,Finance,SME,Asia,pilot
11.21,12.42,Consulting,Enterprise,Europe,partial
11.4,11.05,Healthcare,SME,Europe,partial
7.11,1.58,Consulting,SME,Asia,pilot
7.52,11.72,Technology,Startup,Europe,partial
5.06,2.6,Consulting,Startup,Asia,pilot
7.09,2.62,Healthcare,Startup,Africa,pilot
10.54,6.64,Manufacturing,SME,South America,partial
7.89,4.27,Education,SME,Asia,partial
4.36,-1.31,Consulting,Startup,South America,pilot
4.77,16.85,Education,Startup,Africa,pilot
8.68,12.2,Retail,Startup,Oceania,pilot
13.93,11.5,Technology,Startup,Europe,partial
6.8,0.58,Finance,SME,Africa,none
11.1,6.09,Consulting,Enterprise,Europe,pilot
7.43,-3.44,Manufacturing,SME,Asia,pilot
10.85,8.23,Retail,Startup,Europe,partial
16.6,13.11,Retail,Enterprise,Asia,partial
13.61,8.55,Technology,SME,North America,partial
6.03,3.1,Healthcare,Startup,Europe,pilot
13.23,7.55,Finance,Startup,Africa,partial
12.83,6.52,Healthcare,Startup,Europe,partial
6.18,4.71,Logistics,SME,Asia,pilot
7.53,3.23,Finance,SME,Europe,partial
5.03,3.45,Finance,SME,Africa,pilot
8.82,-1.13,Logistics,Startup,Asia,pilot
3.35,-5.0,Finance,Startup,Asia,pilot
6.63,3.32,Logistics,Startup,North America,partial
10.81,8.31,Healthcare,Enterprise,South America,pilot
7.48,4.43,Logistics,Startup,Europe,pilot
14.73,6.52,Healthcare,Enterprise,Europe,partial
8.16,6.92,Technology,Startup,Africa,pilot
2.69,1.98,Manufacturing,SME,Oceania,pilot
16.62,1.56,Manufacturing,Startup,Asia,partial
13.89,-0.63,Agriculture,SME,Oceania,partial
6.82,3.48,Consulting,SME,Asia,pilot
15.3,3.45,Healthcare,Enterprise,Europe,pilot
2.78,-5.0,Retail,SME,South America,pilot
6.68,-3.14,Education,SME,Europe,pilot
13.88,0.08,Technology,SME,Europe,partial
10.59,0.31,Technology,SME,Asia,pilot
4.47,1.69,Healthcare,Startup,Europe,pilot
10.52,-0.51,Finance,SME,Asia,partial
16.43,12.3,Retail,Enterprise,Africa,partial
10.31,0.69,Education,SME,Africa,partial
14.25,8.51,Finance,Startup,Asia,partial
15.96,8.65,Technology,Enterprise,Europe,partial
18.96,10.8,Technology,SME,Oceania,partial
9.84,15.06,Technology,Startup,Africa,partial
5.16,3.27,Education,Startup,Asia,pilot
3.68,1.16,Education,Startup,Oceania,pilot
7.39,8.72,Finance,Startup,Asia,partial
9.62,-1.03,Agriculture,Startup,Asia,pilot
6.95,5.89,Retail,Enterprise,Europe,pilot
14.43,15.49,Finance,Enterprise,South America,partial
6.71,7.44,Healthcare,SME,Africa,pilot
14.6,14.82,Healthcare,Enterprise,Europe,partial
12.3,11.07,Manufacturing,SME,Oceania,partial
8.52,1.31,Retail,Startup,South America,partial
13.2,10.97,Technology,Startup,Asia,partial
5.09,5.77,Consulting,SME,South America,pilot
0.59,-3.77,Healthcare,SME,Africa,pilot
16.07,1.89,Technology,SME,Europe,pilot
13.5,5.96,Finance,SME,Africa,partial
5.9,2.03,Education,Startup,South America,pilot
5.22,-5.0,Retail,SME,Africa,pilot
9.47,9.01,Logistics,Enterprise,Europe,pilot
7.71,6.25,Education,Startup,Africa,partial
12.94,6.91,Technology,Startup,Europe,partial
15.1,15.14,Finance,Enterprise,South America,partial
7.58,9.87,Consulting,SME,Asia,partial
7.75,10.33,Logistics,Startup,Asia,partial
5.0,-5.0,Education,Startup,Asia,pilot
6.54,5.86,Education,Startup,Europe,pilot
7.44,-2.36,Finance,SME,Asia,pilot
8.62,1.62,Logistics,SME,Europe,partial
8.06,1.27,Healthcare,SME,Europe,pilot
4.33,-5.0,Education,Enterprise,North America,pilot
10.93,4.54,Consulting,Enterprise,Oceania,partial
7.66,6.46,Technology,Startup,Asia,pilot
7.17,1.97,Consulting,SME,South America,pilot
10.93,13.55,Retail,Enterprise,Asia,pilot
12.59,6.53,Education,Startup,Asia,partial
9.43,1.75,Healthcare,SME,South America,pilot
5.14,0.51,Agriculture,Startup,Asia,pilot
5.03,4.17,Retail,SME,Europe,partial
8.23,10.9,Healthcare,Enterprise,Europe,partial
8.12,5.95,Manufacturing,SME,Asia,pilot
10.67,3.06,Technology,Startup,Africa,partial
3.62,-0.56,Education,Startup,Africa,pilot
7.04,4.61,Technology,SME,Oceania,partial
7.87,2.31,Retail,SME,Africa,pilot
0.3,4.0,Logistics,SME,North America,pilot
2.5,-3.38,Manufacturing,Startup,Asia,none
17.54,10.54,Technology,Enterprise,Europe,partial
13.55,5.8,Education,Enterprise,Europe,partial
7.17,2.94,Manufacturing,Startup,Africa,pilot
0.11,7.34,Retail,SME,Africa,pilot
15.62,13.18,Agriculture,Enterprise,Oceania,partial
4.54,2.97,Consulting,Startup,Europe,pilot
8.31,8.04,Logistics,Enterprise,North America,pilot
10.01,9.08,Technology,Enterprise,South America,pilot
11.76,7.65,Manufacturing,Enterprise,Europe,partial
13.58,4.94,Logistics,Startup,Asia,partial
2.39,-3.63,Consulting,Startup,Asia,pilot
8.74,13.74,Education,SME,Asia,partial
12.18,10.26,Healthcare,Startup,Europe,partial
11.3,2.63,Technology,Enterprise,Asia,pilot
3.97,2.63,Technology,Startup,South America,pilot
12.43,-0.16,Retail,Startup,Europe,partial
4.23,3.84,Retail,Startup,Africa,pilot
8.29,7.56,Finance,Startup,Asia,pilot
3.26,7.8,Agriculture,Startup,Europe,none
7.11,13.45,Agriculture,Startup,Africa,pilot
7.73,5.13,Logistics,Startup,South America,pilot
7.21,3.8,Logistics,Startup,Europe,pilot
12.69,11.07,Manufacturing,SME,Europe,partial
7.08,-3.36,Consulting,SME,Asia,pilot
8.15,1.51,Consulting,SME,South America,partial
17.34,7.29,Healthcare,SME,Europe,partial
9.36,6.23,Technology,Startup,Africa,partial
5.82,-5.0,Agriculture,Startup,South America,pilot
4.85,3.51,Healthcare,Startup,South America,pilot
5.03,3.84,Manufacturing,Startup,Oceania,pilot
2.57,5.42,Education,SME,Africa,pilot
9.62,5.58,Education,Enterprise,Europe,partial
13.91,2.71,Technology,Enterprise,Europe,partial
6.54,9.99,Agriculture,Enterprise,Asia,pilot
5.77,-3.48,Logistics,Startup,Asia,partial
6.77,3.84,Agriculture,Startup,Africa,pilot
6.8,-2.78,Technology,Startup,Asia,pilot
11.35,-0.18,Education,Enterprise,Africa,partial
12.44,4.72,Manufacturing,SME,Asia,partial
16.32,4.5,Agriculture,Enterprise,Europe,full
4.57,8.74,Technology,Startup,Africa,pilot
13.68,0.38,Finance,SME,Asia,partial
3.1,3.98,Education,SME,Asia,pilot
3.89,-5.0,Consulting,Startup,Asia,pilot
4.98,0.7,Education,Enterprise,Asia,none
10.16,-2.84,Education,Startup,South America,pilot
14.47,12.76,Logistics,SME,Oceania,partial
13.61,10.12,Finance,Startup,Asia,partial
11.54,12.26,Education,SME,Asia,partial
19.81,12.68,Education,Enterprise,Asia,partial
7.0,-5.0,Logistics,SME,Africa,pilot
10.24,-1.7,Logistics,SME,Europe,partial
3.25,-1.35,Education,Enterprise,Europe,pilot
7.03,-5.0,Finance,Startup,Asia,pilot
12.16,0.02,Agriculture,SME,Asia,partial
11.26,4.8,Retail,Startup,Oceania,partial
8.57,10.81,Healthcare,SME,Asia,pilot
3.45,-2.74,Consulting,Startup,Africa,pilot
20.42,2.75,Finance,Enterprise,Asia,full
7.08,-5.0,Retail,SME,North America,pilot
6.81,6.61,Manufacturing,SME,Asia,partial
5.87,21.91,Agriculture,Enterprise,Europe,partial
6.48,0.22,Retail,Startup,Europe,pilot
11.69,10.53,Technology,Enterprise,Africa,partial
6.03,14.24,Retail,SME,Asia,pilot
5.25,1.53,Healthcare,Startup,Europe,partial
12.64,13.52,Technology,Enterprise,Europe,partial
3.83,9.64,Manufacturing,SME,South America,pilot
15.06,2.28,Technology,SME,South America,partial
8.51,-5.0,Retail,Startup,South America,pilot
14.28,1.96,Agriculture,Enterprise,Europe,partial
10.46,9.17,Technology,Startup,North America,partial
4.11,9.11,Retail,Startup,Asia,pilot
3.63,6.15,Retail,SME,Europe,pilot
12.38,2.1,Education,SME,Asia,partial
3.98,2.2,Healthcare,Startup,Africa,pilot
10.73,1.95,Healthcare,SME,South America,pilot
12.87,11.98,Consulting,Enterprise,South America,partial
13.92,8.72,Technology,Startup,Asia,pilot
6.47,-5.0,Education,Startup,Asia,pilot
2.56,0.17,Healthcare,SME,Europe,pilot
10.19,6.03,Agriculture,Enterprise,Africa,partial
11.41,13.62,Healthcare,Enterprise,Asia,partial
5.91,-1.59,Retail,SME,Asia,pilot
16.62,11.56,Finance,SME,North America,partial
5.12,-2.09,Healthcare,SME,Asia,pilot
12.0,-2.04,Logistics,Enterprise,Asia,partial
10.87,-0.24,Finance,SME,Asia,pilot
10.77,7.21,Finance,SME,Africa,partial
12.04,1.69,Agriculture,SME,Asia,partial
9.18,1.53,Technology,Startup,Asia,pilot
12.42,7.62,Technology,SME,Asia,partial
5.28,-2.77,Finance,Startup,Europe,pilot
9.69,-5.0,Retail,SME,Asia,pilot
10.57,2.44,Agriculture,Startup,Africa,pilot
6.22,11.5,Finance,Startup,Europe,pilot
9.89,3.34,Finance,Enterprise,Asia,partial
7.2,0.71,Finance,Startup,Europe,pilot
12.11,-1.69,Manufacturing,Enterprise,Asia,pilot
4.25,-4.85,Logistics,SME,Asia,pilot
13.01,13.92,Technology,Enterprise,Africa,partial
12.97,7.36,Technology,SME,Asia,full
12.79,3.42,Retail,Enterprise,Asia,partial
6.23,-5.0,Education,SME,Asia,pilot
11.67,7.63,Healthcare,Enterprise,Asia,partial
11.8,11.98,Technology,SME,Asia,pilot
11.55,7.02,Retail,SME,Asia,partial
4.39,0.76,Retail,Startup,Africa,none
5.62,6.47,Manufacturing,Startup,Oceania,pilot
9.55,6.25,Finance,SME,Europe,partial
8.93,8.61,Logistics,Enterprise,Europe,pilot
5.26,7.46,Logistics,Enterprise,Europe,pilot
9.3,6.98,Education,SME,Europe,partial
5.75,9.95,Consulting,SME,Europe,pilot
7.19,-3.25,Manufacturing,SME,Europe,pilot
10.28,-0.23,Consulting,SME,Africa,pilot
9.69,15.71,Retail,Startup,Europe,partial
4.99,2.25,Logistics,SME,Oceania,partial
13.61,-5.0,Agriculture,Enterprise,Africa,partial
11.61,10.1,Retail,Startup,Europe,partial
22.52,5.79,Technology,Enterprise,Asia,full
8.8,2.0,Consulting,Startup,Asia,pilot
0.05,9.86,Agriculture,Startup,Asia,pilot
9.65,-0.79,Education,Startup,South America,partial
16.66,7.68,Agriculture,Startup,Asia,partial
11.56,8.87,Technology,SME,Europe,partial
6.84,9.35,Healthcare,Startup,Africa,partial
6.32,12.92,Healthcare,Startup,South America,partial
5.64,1.25,Retail,SME,Africa,partial
11.42,7.32,Logistics,Startup,Asia,partial
12.59,0.44,Agriculture,Enterprise,Europe,pilot
6.27,6.95,Retail,SME,Europe,pilot
5.71,6.95,Agriculture,SME,South America,pilot
13.58,7.97,Retail,SME,Europe,partial
10.66,6.14,Agriculture,Enterprise,Africa,partial
11.39,9.5,Logistics,SME,Oceania,partial
3.24,6.45,Consulting,SME,Asia,pilot
10.48,5.77,Retail,SME,Africa,partial
10.92,5.96,Healthcare,Enterprise,Europe,partial
4.86,-0.25,Retail,Startup,Asia,pilot
14.98,3.62,Finance,Startup,Europe,partial
6.12,6.88,Agriculture,SME,Asia,partial
18.83,2.46,Technology,SME,Asia,partial
10.47,1.96,Agriculture,SME,Oceania,pilot
9.01,14.9,Healthcare,SME,South America,partial
12.88,-2.78,Manufacturing,Enterprise,Africa,partial
9.38,-0.23,Consulting,SME,Africa,pilot
5.97,-5.0,Consulting,SME,Europe,partial
11.38,4.08,Healthcare,Startup,Asia,pilot
7.14,-2.52,Retail,Startup,Oceania,partial
15.04,8.14,Technology,SME,South America,partial
10.68,4.34,Manufacturing,SME,Europe,partial
9.53,1.67,Education,SME,South America,pilot
8.24,6.01,Healthcare,Startup,Asia,pilot
16.84,6.98,Education,Enterprise,South America,partial
13.56,10.17,Finance,SME,Oceania,partial
8.03,2.09,Manufacturing,SME,Africa,pilot
1.4,-0.7,Logistics,SME,South America,none
11.33,2.91,Agriculture,SME,North America,partial
8.21,5.24,Retail,Startup,Asia,pilot
1.85,2.14,Consulting,Enterprise,Europe,pilot
5.12,3.21,Retail,Startup,Asia,pilot
6.49,1.9,Manufacturing,Enterprise,Asia,pilot
19.88,5.96,Technology,Startup,South America,partial
4.97,10.63,Agriculture,Startup,Africa,pilot
7.32,11.96,Manufacturing,SME,North America,pilot
9.01,7.81,Retail,Enterprise,Asia,partial
7.4,-3.59,Finance,Startup,Europe,pilot
9.16,2.46,Consulting,SME,North America,partial
7.59,11.89,Logistics,SME,Europe,partial
8.7,-1.0,Consulting,Startup,Asia,pilot
19.26,2.54,Technology,Enterprise,Asia,partial
9.87,8.88,Healthcare,Startup,South America,partial
2.76,4.62,Manufacturing,Startup,Africa,pilot
6.28,-4.84,Manufacturing,Startup,Europe,partial
10.98,4.77,Agriculture,Startup,North America,partial
9.75,2.47,Manufacturing,Startup,Oceania,partial
9.04,7.94,Technology,Enterprise,Oceania,partial
6.51,-1.15,Retail,Startup,Europe,pilot
10.07,7.65,Healthcare,Startup,Asia,partial
5.45,5.98,Education,SME,Europe,partial
4.3,1.09,Healthcare,Startup,Europe,pilot
6.88,-4.9,Logistics,SME,Asia,pilot
9.73,0.93,Technology,Enterprise,Africa,partial
5.81,-1.04,Education,Startup,South America,partial
6.67,4.23,Education,Startup,Asia,partial
6.27,3.95,Education,SME,Europe,pilot
6.85,5.27,Manufacturing,Enterprise,Asia,pilot
6.84,-1.42,Manufacturing,SME,Europe,pilot
12.37,3.4,Technology,SME,Africa,pilot
10.18,1.93,Education,Enterprise,Europe,partial
7.45,3.52,Agriculture,Startup,South America,pilot
5.59,0.42,Retail,Startup,Europe,pilot
6.71,8.93,Finance,Startup,Africa,partial
10.35,-0.1,Retail,SME,Europe,pilot
5.06,-1.03,Agriculture,Startup,Asia,pilot
12.64,-5.0,Consulting,SME,Europe,partial
13.32,11.31,Logistics,Startup,Europe,pilot
12.59,5.37,Finance,SME,North America,partial
8.13,1.6,Healthcare,Startup,Africa,partial
10.98,12.08,Healthcare,Enterprise,Asia,partial
11.99,8.05,Consulting,Startup,Oceania,partial
10.38,4.09,Healthcare,Startup,Asia,partial
9.14,-0.57,Technology,Startup,Europe,pilot
10.28,-3.38,Education,SME,North America,partial
1.85,-2.83,Agriculture,Startup,Asia,none
7.78,-4.71,Retail,Enterprise,North America,pilot
8.5,3.13,Logistics,Startup,Europe,partial
15.87,2.39,Technology,Enterprise,Europe,partial
11.93,11.76,Technology,SME,Oceania,partial
7.48,0.08,Finance,SME,Europe,pilot
9.95,1.25,Education,Startup,Asia,partial
12.27,1.46,Logistics,SME,Africa,partial
13.26,10.43,Consulting,Startup,South America,partial
8.39,-3.72,Education,Enterprise,Europe,pilot
5.03,4.02,Finance,Startup,South America,pilot
1.07,2.74,Healthcare,SME,Asia,none
14.09,12.84,Technology,Enterprise,Asia,partial
9.69,5.22,Agriculture,Enterprise,Africa,partial
10.95,5.22,Retail,Enterprise,South America,partial
11.05,4.76,Logistics,Startup,Asia,partial
13.05,5.97,Logistics,Startup,Oceania,partial
7.09,8.43,Agriculture,SME,Oceania,pilot
7.88,-2.6,Agriculture,SME,North America,pilot
3.44,2.05,Agriculture,SME,Asia,pilot
17.61,11.1,Finance,SME,Europe,partial
11.7,7.17,Finance,SME,North America,partial
9.17,-2.56,Finance,Startup,Europe,partial
8.39,5.57,Consulting,SME,Asia,pilot
3.07,4.82,Consulting,SME,North America,pilot
8.86,1.44,Manufacturing,SME,Africa,partial
9.5,4.24,Finance,SME,Europe,pilot
7.42,12.16,Healthcare,Startup,Asia,partial
13.22,13.59,Technology,SME,Asia,partial
7.24,8.9,Retail,SME,North America,partial
5.41,-0.42,Agriculture,SME,Asia,none
3.54,-5.0,Retail,Startup,Asia,none
11.93,7.18,Manufacturing,SME,North America,partial
11.04,5.55,Retail,Enterprise,Europe,pilot
6.49,-3.17,Finance,Startup,Asia,pilot
5.42,-4.43,Manufacturing,Startup,Europe,pilot
15.19,3.75,Technology,Enterprise,South America,partial
14.81,0.97,Education,SME,North America,full
9.57,11.28,Finance,Startup,Africa,partial
5.29,3.67,Retail,Startup,Asia,pilot
4.93,15.95,Finance,SME,Europe,partial
6.34,-5.0,Retail,Startup,Asia,pilot
8.3,13.03,Agriculture,Startup,Africa,pilot
14.24,-3.2,Agriculture,SME,South America,partial
15.0,7.12,Education,Enterprise,Africa,partial
6.54,4.46,Logistics,SME,North America,pilot
6.15,3.77,Technology,SME,North America,pilot
3.17,9.96,Logistics,SME,Europe,none
7.24,-1.82,Logistics,Startup,Europe,pilot
3.54,7.56,Manufacturing,Startup,South America,pilot
11.26,2.94,Education,Startup,Europe,partial
3.24,16.73,Finance,SME,Africa,partial
11.55,9.78,Technology,SME,Europe,pilot
7.05,-2.12,Finance,Enterprise,South America,partial
11.75,6.21,Education,Enterprise,Africa,pilot
0.0,5.09,Healthcare,SME,Europe,none
20.03,11.47,Technology,Enterprise,South America,partial
5.13,-5.0,Retail,Startup,Africa,pilot
6.62,-2.76,Finance,Startup,Europe,pilot
7.93,2.9,Education,Startup,Africa,pilot
0.0,2.97,Healthcare,Startup,Asia,pilot
4.94,-5.0,Education,SME,Asia,partial
11.14,6.36,Agriculture,SME,Europe,pilot
11.68,2.3,Consulting,Startup,Europe,pilot
8.77,7.69,Logistics,Startup,Asia,pilot
9.03,4.41,Education,SME,Africa,partial
9.61,11.92,Healthcare,SME,Europe,partial
8.48,-0.55,Healthcare,SME,Europe,pilot
8.57,4.9,Consulting,SME,Europe,partial
11.49,-1.33,Technology,Startup,Asia,partial
11.66,15.22,Finance,Enterprise,Asia,partial
9.96,8.65,Retail,Enterprise,Africa,pilot
7.51,-5.0,Retail,Startup,Asia,pilot
11.79,-0.33,Manufacturing,SME,Oceania,partial
4.27,7.85,Retail,Startup,Europe,pilot
7.49,9.66,Logistics,Enterprise,Europe,partial
6.35,1.97,Technology,Enterprise,Asia,pilot
6.53,8.79,Retail,SME,Africa,partial
6.55,-2.67,Finance,Startup,South America,pilot
7.86,2.07,Logistics,SME,Africa,partial
8.25,4.97,Education,Enterprise,Europe,partial
0.79,4.93,Retail,Startup,Asia,pilot
14.52,3.58,Manufacturing,Enterprise,North America,partial
11.18,3.25,Technology,SME,Asia,partial
10.39,3.82,Logistics,Startup,Europe,partial
3.86,10.58,Healthcare,Startup,South America,pilot
6.57,5.83,Logistics,SME,South America,pilot
4.15,1.75,Manufacturing,Startup,North America,pilot
2.32,-0.05,Agriculture,SME,Africa,pilot
5.26,-5.0,Manufacturing,Startup,South America,pilot
12.04,14.1,Healthcare,SME,South America,partial
11.7,17.1,Retail,SME,Oceania,pilot
6.58,2.2,Consulting,SME,Oceania,none
10.43,8.64,Agriculture,Startup,Europe,pilot
10.28,-2.64,Education,Startup,Europe,partial
8.26,9.7,Consulting,Enterprise,Africa,partial
12.02,1.25,Education,Enterprise,Asia,partial
12.32,5.63,Manufacturing,Startup,North America,partial
1.27,0.65,Retail,Startup,Europe,pilot
9.41,2.09,Technology,Enterprise,South America,pilot
8.56,1.22,Healthcare,Startup,Europe,pilot
10.33,4.15,Finance,Startup,South America,pilot
7.17,0.05,Logistics,SME,Europe,pilot
11.58,-0.15,Finance,Startup,North America,partial
11.06,-5.0,Healthcare,Startup,Asia,pilot
18.2,13.43,Technology,SME,Africa,full
3.66,-1.79,Agriculture,SME,Asia,none
9.11,12.8,Technology,Startup,Europe,partial
8.14,2.28,Logistics,Startup,Oceania,pilot
6.74,-5.0,Education,Startup,Asia,pilot
10.76,14.47,Technology,SME,North America,partial
13.12,-1.41,Agriculture,SME,Europe,partial
8.11,9.56,Manufacturing,Enterprise,Asia,pilot
13.02,3.16,Consulting,Startup,Asia,partial
11.94,5.07,Agriculture,SME,Asia,partial
13.94,9.8,Technology,Enterprise,Oceania,partial
7.34,11.08,Retail,Startup,North America,pilot
13.85,9.94,Healthcare,Startup,Europe,partial
10.98,6.8,Agriculture,Enterprise,North America,pilot
8.22,8.32,Healthcare,Startup,Asia,partial
10.42,1.89,Education,Startup,Asia,pilot
11.71,4.95,Logistics,Enterprise,Asia,partial
6.14,1.01,Agriculture,Startup,Africa,none
2.89,4.45,Finance,SME,Africa,none
4.53,10.45,Education,Enterprise,Africa,pilot
7.77,3.99,Logistics,SME,Africa,pilot
10.07,10.64,Healthcare,SME,South America,partial
14.39,16.33,Retail,SME,Asia,partial
20.26,16.49,Technology,Enterprise,Oceania,partial
16.04,6.46,Technology,Enterprise,Asia,partial
5.75,-5.0,Logistics,Startup,Europe,pilot
7.39,3.91,Logistics,Startup,Europe,partial
14.45,-1.51,Healthcare,Enterprise,Asia,partial
8.47,5.88,Manufacturing,SME,South America,partial
11.11,-4.67,Retail,SME,Asia,partial
8.71,6.29,Logistics,Enterprise,Asia,partial
18.13,3.71,Manufacturing,Enterprise,Europe,partial
8.67,9.67,Education,SME,South America,partial
9.09,3.2,Logistics,SME,Asia,pilot
13.71,-3.39,Education,Startup,Africa,partial
5.25,-2.97,Finance,SME,Africa,pilot
6.13,7.18,Retail,Startup,Europe,pilot
5.63,-0.22,Healthcare,Enterprise,Asia,pilot
15.07,8.56,Technology,SME,Asia,partial
19.53,4.98,Finance,SME,Asia,partial
10.54,4.6,Finance,SME,Europe,partial
6.69,-0.25,Education,SME,Asia,partial
12.02,-0.66,Manufacturing,SME,Europe,partial
7.79,-4.73,Logistics,SME,Asia,partial
7.56,4.41,Retail,Enterprise,Africa,partial
10.47,-3.81,Finance,Startup,Africa,pilot
6.48,-0.08,Education,SME,Asia,pilot
12.6,10.73,Consulting,SME,South America,partial
12.26,-3.06,Manufacturing,Enterprise,Asia,partial
8.75,3.47,Agriculture,SME,South America,pilot
17.36,6.13,Technology,Enterprise,Europe,partial
8.98,7.16,Logistics,Startup,Africa,partial
9.65,4.72,Consulting,Startup,Asia,partial
7.38,7.8,Retail,Startup,Asia,partial
5.84,-2.11,Retail,SME,Africa,pilot
19.36,8.4,Technology,Enterprise,Europe,partial
8.28,7.56,Finance,SME,Asia,partial
16.56,11.58,Consulting,SME,Oceania,partial
6.76,1.75,Logistics,Startup,North America,pilot
13.9,0.1,Retail,Enterprise,Europe,partial
3.53,-1.01,Retail,SME,North America,pilot
16.11,15.1,Logistics,Enterprise,Europe,partial
7.9,13.08,Healthcare,Startup,South America,partial
7.49,1.68,Manufacturing,Startup,Europe,partial
11.26,10.46,Manufacturing,Enterprise,Asia,partial
10.35,5.22,Finance,Startup,North America,partial
11.61,1.32,Retail,Enterprise,Asia,partial
14.39,7.62,Manufacturing,Enterprise,Asia,partial
12.91,12.17,Healthcare,Enterprise,Asia,partial
8.46,19.06,Manufacturing,SME,Oceania,partial
14.35,-2.2,Healthcare,Enterprise,Europe,partial
6.56,5.84,Technology,SME,Asia,pilot
9.86,-0.78,Manufacturing,SME,Africa,pilot
9.62,1.9,Agriculture,Startup,North America,partial
6.87,12.17,Manufacturing,Enterprise,Europe,partial
2.88,-0.93,Education,SME,Europe,none
10.84,5.7,Logistics,Enterprise,Asia,partial
10.87,2.95,Finance,SME,Africa,partial
9.69,8.27,Education,SME,South America,partial
6.01,1.38,Healthcare,Startup,Asia,pilot
10.99,6.65,Manufacturing,SME,Europe,pilot
12.76,13.21,Logistics,Startup,Europe,partial
16.34,5.32,Agriculture,SME,North America,partial
10.86,12.04,Finance,SME,Asia,partial
2.49,6.22,Retail,Startup,Asia,pilot
6.46,1.19,Finance,SME,Africa,pilot
8.19,15.83,Retail,Startup,Asia,partial
6.96,4.35,Education,SME,Asia,partial
7.66,9.84,Retail,SME,Europe,pilot
8.29,1.97,Healthcare,SME,Oceania,partial
7.48,7.38,Retail,SME,South America,pilot
8.67,1.37,Logistics,Startup,Europe,pilot
5.93,4.39,Technology,Startup,Asia,pilot
10.84,0.52,Education,SME,South America,partial
10.88,-5.0,Education,Startup,Africa,pilot
7.66,6.7,Education,Enterprise,Europe,pilot
6.25,4.75,Healthcare,SME,Africa,partial
11.63,7.79,Technology,SME,Europe,partial
6.82,-4.62,Retail,SME,Europe,partial
15.08,9.66,Retail,Enterprise,Africa,partial
11.84,3.42,Agriculture,SME,Asia,partial
11.06,0.28,Education,Startup,Asia,partial
9.5,3.65,Finance,Enterprise,Asia,pilot
9.29,10.3,Agriculture,SME,Asia,partial
10.63,10.1,Education,SME,Asia,partial
10.03,14.84,Healthcare,SME,Asia,partial
13.21,11.16,Technology,SME,South America,partial
15.81,3.84,Consulting,Enterprise,South America,partial
10.69,2.16,Finance,Startup,South America,partial
11.18,5.39,Healthcare,Startup,Europe,partial
2.79,4.49,Retail,SME,Asia,pilot
6.27,9.1,Consulting,SME,South America,pilot
9.13,10.37,Healthcare,Startup,Asia,partial
2.61,10.78,Education,SME,South America,pilot
11.65,-1.76,Logistics,Enterprise,Europe,partial
15.93,-1.98,Consulting,Startup,Asia,partial
13.52,16.22,Logistics,SME,Europe,partial
13.34,-0.72,Healthcare,Startup,South America,pilot
7.28,3.81,Finance,SME,Asia,pilot
12.7,7.5,Technology,Startup,South America,partial
6.86,3.9,Logistics,SME,Asia,partial
8.9,1.79,Healthcare,SME,Asia,pilot
12.61,5.22,Finance,Startup,Europe,partial
11.97,1.03,Education,SME,South America,partial
8.44,11.34,Logistics,Startup,Asia,partial
2.11,2.16,Consulting,SME,Asia,none
9.04,5.61,Technology,Startup,Oceania,partial
12.22,11.39,Manufacturing,Startup,Africa,partial
6.15,0.22,Retail,Enterprise,Africa,pilot
7.13,18.38,Finance,SME,Asia,partial
5.24,-3.01,Agriculture,Startup,Europe,pilot
12.05,-1.07,Technology,Startup,Asia,partial
8.58,7.12,Healthcare,Startup,Asia,partial
14.06,17.71,Healthcare,Startup,North America,partial
10.83,8.33,Logistics,Enterprise,North America,partial
2.91,-3.74,Healthcare,Startup,Asia,none
4.74,-3.71,Healthcare,Enterprise,Europe,pilot
10.99,8.89,Consulting,SME,Europe,pilot
6.62,6.07,Finance,Enterprise,Asia,pilot
6.39,-2.65,Healthcare,Enterprise,Europe,pilot
2.82,-2.65,Manufacturing,Startup,Asia,pilot
11.03,3.38,Retail,SME,Africa,partial
11.31,9.69,Technology,SME,Oceania,partial
9.89,-0.16,Healthcare,SME,Europe,pilot
13.59,9.44,Education,Enterprise,South America,partial
15.39,8.25,Technology,Enterprise,Europe,partial
1.6,-5.0,Healthcare,Startup,Africa,pilot
8.37,5.27,Manufacturing,SME,Asia,pilot
7.06,-1.77,Logistics,Startup,Asia,pilot
15.0,14.41,Logistics,SME,Europe,partial
5.23,5.83,Healthcare,SME,Asia,pilot
7.74,2.37,Manufacturing,Startup,North America,pilot
4.0,3.01,Finance,Startup,Africa,none
9.27,-2.98,Logistics,Startup,Europe,pilot
13.56,-5.0,Healthcare,Enterprise,South America,partial
18.1,10.94,Technology,SME,Oceania,partial
9.18,8.48,Manufacturing,SME,Oceania,pilot
11.77,2.93,Logistics,Enterprise,Asia,pilot
6.61,3.34,Healthcare,Startup,Europe,pilot
7.29,8.06,Finance,SME,Europe,partial
4.67,0.98,Healthcare,SME,Asia,partial
9.13,14.98,Finance,Enterprise,Asia,partial
0.45,0.73,Education,SME,South America,none
2.68,2.85,Education,SME,Europe,pilot
11.08,5.09,Education,SME,Asia,partial
5.64,-0.82,Retail,Startup,Asia,pilot
10.2,7.41,Manufacturing,Startup,Africa,partial
9.94,6.33,Healthcare,Enterprise,Asia,partial
6.7,15.02,Manufacturing,Startup,Europe,pilot
9.3,9.25,Technology,SME,Asia,pilot
16.36,1.39,Logistics,SME,North America,pilot
6.69,-0.52,Retail,Startup,Asia,pilot
3.83,-0.03,Education,Startup,Asia,pilot
11.07,2.33,Logistics,Startup,Europe,partial
7.73,-4.44,Finance,Startup,Asia,partial
14.13,9.6,Manufacturing,Startup,Africa,partial
10.57,2.31,Manufacturing,SME,Europe,pilot
0.0,1.34,Manufacturing,Startup,Asia,none
11.6,12.33,Manufacturing,Startup,Europe,pilot
5.02,4.07,Consulting,Startup,Asia,pilot
10.88,-0.27,Manufacturing,SME,Europe,partial
14.88,13.09,Finance,SME,South America,partial
8.14,1.5,Retail,Startup,Asia,pilot
12.99,14.66,Manufacturing,Startup,Asia,partial
8.91,3.3,Manufacturing,SME,South America,pilot
6.35,2.35,Retail,SME,South America,pilot
11.43,3.61,Education,Enterprise,Europe,partial
8.23,1.72,Manufacturing,SME,Asia,pilot
7.01,4.81,Retail,SME,South America,partial
10.31,2.61,Consulting,Enterprise,Africa,partial
14.04,14.06,Finance,Startup,Africa,partial
14.14,10.87,Retail,Startup,South America,partial
15.27,1.53,Manufacturing,Startup,Africa,partial
9.23,1.17,Manufacturing,SME,Europe,partial
8.75,10.43,Manufacturing,Startup,Europe,partial
7.54,8.31,Consulting,SME,South America,partial
6.48,-0.6,Manufacturing,Startup,Oceania,pilot
6.36,7.48,Finance,SME,Asia,pilot
12.99,12.33,Finance,SME,Europe,partial
11.28,-1.29,Agriculture,SME,South America,pilot
11.66,4.16,Finance,Startup,Asia,partial
7.86,3.58,Retail,SME,Europe,pilot
9.52,0.94,Healthcare,Enterprise,Asia,pilot
11.97,0.6,Education,Startup,Asia,partial
0.0,-5.0,Retail,Startup,Oceania,none
14.95,6.86,Technology,Enterprise,Asia,partial
5.99,7.98,Logistics,SME,Asia,pilot
11.46,7.08,Retail,Startup,Asia,partial
2.8,-4.68,Healthcare,Startup,Africa,pilot
6.45,1.21,Manufacturing,SME,Asia,pilot
5.38,0.09,Consulting,Startup,Africa,pilot
5.19,-2.62,Healthcare,Startup,Asia,partial
6.86,-2.95,Finance,Startup,Asia,pilot
10.77,3.16,Finance,Enterprise,Asia,partial
14.6,8.49,Healthcare,Startup,South America,partial
17.81,12.04,Healthcare,Enterprise,Europe,partial
17.57,5.08,Education,Enterprise,Oceania,partial
2.48,8.12,Agriculture,Startup,South America,none
7.18,6.5,Consulting,SME,Asia,pilot
7.68,8.89,Healthcare,Startup,North America,partial
8.97,3.52,Manufacturing,Startup,Asia,partial
8.37,6.85,Finance,Startup,Oceania,partial
9.53,5.81,Logistics,SME,Europe,none
14.77,1.41,Finance,Enterprise,Europe,partial
15.31,-2.1,Technology,SME,Asia,partial
11.55,-3.44,Technology,Enterprise,Europe,pilot
12.94,5.47,Technology,Startup,Asia,partial
4.13,1.9,Manufacturing,Startup,North America,pilot
3.36,3.61,Healthcare,Startup,Europe,pilot
11.23,9.28,Consulting,SME,Asia,partial
8.51,12.67,Education,Startup,Asia,partial
9.49,0.44,Healthcare,SME,Europe,pilot
10.17,4.27,Finance,Enterprise,Oceania,partial
4.66,9.35,Consulting,SME,Asia,pilot
9.34,3.89,Finance,Enterprise,South America,partial
13.69,15.12,Technology,Startup,Asia,partial
0.0,7.86,Education,Startup,Europe,none
6.45,1.97,Logistics,SME,Europe,pilot
7.49,4.8,Finance,Startup,Africa,pilot
14.15,10.13,Retail,Startup,Africa,partial
16.76,5.99,Technology,Enterprise,Europe,partial
12.28,4.29,Manufacturing,SME,Asia,partial
10.27,2.69,Finance,Startup,Africa,partial
12.52,3.15,Technology,Startup,Europe,partial
7.43,8.31,Retail,SME,Europe,partial
7.0,-3.78,Healthcare,SME,Africa,pilot
7.64,2.64,Retail,Startup,Oceania,pilot
8.54,0.24,Finance,SME,Oceania,pilot
10.94,12.16,Agriculture,Startup,Africa,partial
7.59,21.34,Finance,Startup,Asia,partial
6.3,6.6,Agriculture,Startup,Asia,pilot
17.57,10.92,Technology,Enterprise,Asia,full
7.88,-3.76,Manufacturing,Startup,Africa,pilot
17.42,10.98,Education,Startup,Europe,partial
8.04,-0.32,Agriculture,Startup,Asia,partial
1.36,3.48,Healthcare,Startup,Africa,none
13.65,9.21,Technology,SME,Africa,partial
4.61,4.23,Finance,Startup,Asia,pilot
6.49,10.97,Education,Startup,Asia,partial
17.13,14.22,Consulting,Enterprise,Europe,full
11.74,14.11,Finance,Startup,Africa,partial
3.6,-1.71,Logistics,SME,Asia,pilot
9.97,6.12,Manufacturing,Enterprise,Africa,pilot
8.69,-5.0,Education,SME,Asia,pilot
6.44,3.0,Manufacturing,Enterprise,Europe,partial
7.99,3.53,Consulting,SME,Oceania,partial
14.71,5.69,Agriculture,Enterprise,Oceania,partial
4.34,-1.35,Finance,SME,Europe,pilot
11.05,18.2,Finance,Startup,North America,partial
8.19,2.65,Healthcare,SME,Europe,partial
8.03,2.8,Manufacturing,Startup,Oceania,pilot
12.33,-2.25,Technology,SME,Africa,pilot
9.5,11.97,Finance,Startup,Asia,pilot
7.2,-0.75,Manufacturing,SME,Asia,pilot
13.37,-0.09,Finance,SME,South America,partial
8.84,2.38,Education,Enterprise,Europe,pilot
6.73,-3.56,Finance,Startup,Asia,pilot
11.66,3.5,Healthcare,Startup,North America,partial
6.98,1.71,Retail,Startup,Asia,pilot
4.95,0.43,Retail,Startup,Oceania,pilot
6.37,6.01,Finance,SME,Oceania,pilot
13.59,1.97,Healthcare,Startup,Europe,partial
4.72,-4.74,Healthcare,SME,Africa,pilot
12.45,10.71,Technology,SME,Africa,partial
7.69,6.19,Finance,SME,South America,pilot
8.29,4.66,Logistics,Startup,Asia,pilot
4.25,0.82,Education,Startup,Africa,pilot
10.87,6.18,Manufacturing,Startup,Asia,pilot
11.97,0.57,Technology,Startup,Asia,partial
10.78,10.64,Logistics,Startup,South America,partial
13.83,2.7,Manufacturing,SME,Asia,pilot
7.36,-2.1,Education,Startup,Europe,pilot
10.49,7.3,Technology,SME,Europe,partial
7.8,1.05,Finance,Startup,Asia,pilot
9.82,5.94,Finance,Startup,Asia,pilot
7.16,2.7,Retail,SME,South America,pilot
5.99,2.13,Healthcare,Startup,Asia,pilot
7.98,-2.14,Education,Startup,Europe,partial
8.74,2.7,Healthcare,Startup,Asia,pilot
4.31,11.5,Finance,Startup,Oceania,pilot
5.49,8.27,Agriculture,SME,Europe,pilot
9.93,5.51,Retail,SME,Asia,partial
8.96,1.59,Manufacturing,Startup,Asia,pilot
10.21,-3.11,Agriculture,SME,North America,pilot
11.58,7.83,Education,Startup,Asia,partial
13.08,-1.61,Retail,Enterprise,Africa,pilot
3.11,6.78,Retail,SME,Africa,pilot
14.53,9.55,Healthcare,Startup,Asia,partial
11.96,8.6,Finance,Startup,Africa,partial
5.34,0.67,Education,Startup,Europe,none
15.97,8.98,Healthcare,SME,Europe,partial
10.05,8.47,Healthcare,Startup,Europe,partial
10.72,-3.87,Education,SME,Africa,pilot
8.52,8.75,Logistics,SME,Europe,pilot
10.91,-2.63,Finance,SME,Africa,partial
8.54,-1.2,Healthcare,Startup,Africa,pilot
9.49,3.46,Manufacturing,SME,Europe,partial
11.82,3.28,Education,Enterprise,Asia,partial
4.43,3.8,Agriculture,SME,Africa,none
12.01,4.47,Finance,Startup,South America,partial
6.24,4.55,Finance,SME,Europe,pilot
8.42,8.08,Agriculture,Startup,Africa,pilot
5.83,0.69,Healthcare,SME,Africa,pilot
14.67,2.87,Technology,SME,Europe,partial
12.15,-1.49,Healthcare,SME,Europe,pilot
16.61,6.74,Finance,Startup,Asia,partial
11.33,6.76,Technology,Startup,Europe,pilot
13.79,1.88,Healthcare,Enterprise,Africa,partial
7.59,4.38,Consulting,Startup,North America,partial
12.04,13.48,Logistics,SME,South America,partial
7.01,4.64,Retail,Startup,Asia,pilot
10.27,5.87,Consulting,SME,South America,pilot
10.21,7.86,Technology,Startup,Asia,partial
11.05,7.74,Consulting,SME,Asia,partial
8.53,10.14,Logistics,Startup,Asia,partial
7.94,-5.0,Education,Startup,South America,partial
11.37,2.55,Education,SME,Europe,partial
4.54,3.41,Logistics,SME,Europe,pilot
10.39,5.71,Technology,Enterprise,Europe,partial
15.32,6.82,Finance,SME,Europe,partial
13.93,13.57,Healthcare,SME,Asia,partial
15.37,7.66,Consulting,Enterprise,South America,partial
4.94,3.99,Manufacturing,SME,Asia,pilot
0.0,5.4,Agriculture,Startup,Asia,pilot
7.72,-5.0,Logistics,SME,Asia,pilot
16.03,12.64,Technology,SME,North America,partial
8.9,3.02,Logistics,Startup,Europe,pilot
5.91,5.38,Healthcare,Startup,Europe,pilot
15.75,10.67,Consulting,Enterprise,Africa,partial
6.4,4.17,Education,SME,Asia,partial
9.41,3.95,Agriculture,SME,Africa,pilot
10.71,6.97,Finance,Startup,Europe,partial
12.1,9.59,Logistics,SME,Europe,partial
14.65,5.96,Education,Enterprise,Europe,partial
18.14,7.1,Healthcare,Enterprise,North America,partial
14.58,1.73,Finance,SME,Asia,partial
5.11,-0.68,Healthcare,SME,Europe,pilot
10.48,9.36,Technology,SME,Asia,partial
15.66,8.13,Education,Enterprise,Africa,partial
8.68,-4.37,Logistics,SME,Asia,pilot
10.94,5.92,Retail,SME,South America,partial
3.17,8.26,Agriculture,Startup,Europe,pilot
14.73,8.96,Technology,Enterprise,Europe,partial
7.16,-1.49,Technology,SME,Europe,pilot
7.01,4.37,Education,Startup,Asia,pilot
6.71,5.57,Agriculture,SME,Europe,pilot
9.97,4.29,Education,Enterprise,Europe,partial
14.23,-0.83,Manufacturing,Startup,Europe,partial
12.55,5.06,Manufacturing,SME,Africa,partial
14.22,9.45,Education,SME,Europe,partial
13.27,11.49,Finance,Enterprise,Asia,pilot
11.4,6.89,Consulting,Enterprise,Asia,partial
9.27,3.02,Healthcare,Startup,Europe,pilot
15.28,6.49,Agriculture,Enterprise,South America,partial
11.99,7.5,Technology,SME,North America,partial
11.72,3.61,Healthcare,Enterprise,Europe,partial
2.65,-5.0,Consulting,Startup,South America,pilot
8.94,5.58,Education,Enterprise,Asia,pilot
10.42,7.72,Healthcare,Startup,Europe,pilot
16.74,5.95,Healthcare,Enterprise,North America,partial
3.97,9.0,Healthcare,SME,Africa,pilot
8.77,6.05,Finance,Startup,Europe,partial
5.27,6.47,Education,SME,South America,pilot
12.32,-2.86,Technology,Startup,Europe,partial
9.58,8.1,Agriculture,Enterprise,Asia,partial
15.44,10.68,Education,SME,North America,partial
17.08,1.05,Manufacturing,SME,Oceania,full
13.9,6.79,Technology,SME,Europe,partial
12.73,1.31,Agriculture,Enterprise,Asia,partial
3.88,-4.82,Education,SME,Asia,none
15.01,11.4,Agriculture,Enterprise,Oceania,partial
5.38,-1.19,Agriculture,Startup,Asia,partial
3.83,-0.79,Finance,SME,Oceania,pilot
11.06,14.88,Agriculture,Startup,North America,partial
12.61,4.54,Manufacturing,SME,Europe,partial
10.73,3.72,Agriculture,Enterprise,Asia,partial
6.99,4.27,Logistics,SME,South America,pilot
14.71,10.97,Healthcare,Startup,Europe,partial
15.18,6.81,Technology,SME,South America,partial
13.38,8.08,Finance,Startup,South America,partial
8.86,-1.33,Technology,Enterprise,Asia,partial
7.46,9.16,Retail,Startup,Africa,partial
3.82,3.92,Retail,SME,Asia,pilot
15.78,7.9,Technology,Enterprise,Europe,partial
14.35,8.19,Technology,Enterprise,Europe,partial
8.44,11.65,Manufacturing,SME,Europe,pilot
8.37,-4.57,Agriculture,Startup,Asia,partial
3.89,-5.0,Logistics,SME,South America,pilot
7.38,0.45,Consulting,Startup,South America,pilot
10.97,5.24,Technology,SME,Oceania,pilot
12.41,2.98,Finance,Enterprise,Europe,partial
9.01,4.98,Logistics,SME,South America,partial
13.77,12.59,Finance,Enterprise,Asia,partial
14.77,1.32,Healthcare,Enterprise,Asia,partial
7.09,8.68,Logistics,Startup,Europe,partial
9.66,12.38,Technology,SME,Asia,partial
5.32,7.24,Manufacturing,SME,Oceania,pilot
7.39,-4.0,Retail,SME,Africa,none
9.99,-3.96,Healthcare,SME,Asia,partial
13.15,4.7,Technology,Startup,Asia,pilot
8.74,11.41,Technology,SME,North America,partial
11.23,5.75,Manufacturing,SME,Africa,pilot
9.56,12.13,Consulting,SME,Europe,partial
9.45,10.05,Logistics,SME,Oceania,partial
4.4,-0.02,Finance,Startup,Africa,none
12.06,9.71,Technology,SME,Asia,partial
17.04,6.03,Technology,Startup,Asia,full
10.81,7.18,Manufacturing,Startup,Africa,partial
13.15,0.73,Consulting,Startup,Africa,pilot
9.87,8.62,Healthcare,Startup,South America,pilot
10.48,0.42,Technology,Startup,Asia,partial
2.93,-4.25,Finance,SME,Asia,none
9.98,-4.86,Retail,SME,Asia,partial
5.19,-3.34,Manufacturing,SME,Asia,pilot
12.33,2.16,Agriculture,Enterprise,Oceania,pilot
14.69,17.26,Technology,Enterprise,Europe,partial
11.93,8.39,Logistics,SME,Asia,partial
12.25,17.41,Agriculture,SME,Asia,partial
13.9,9.55,Consulting,SME,Asia,partial
8.41,4.12,Retail,SME,Europe,pilot
8.2,0.69,Retail,Startup,Africa,pilot
8.55,2.75,Retail,SME,Asia,partial
7.49,9.61,Agriculture,SME,Asia,pilot
12.69,7.63,Technology,Startup,Asia,partial
2.88,1.79,Retail,SME,South America,pilot
10.48,5.62,Finance,SME,Africa,partial
6.44,0.81,Consulting,SME,Asia,pilot
4.64,0.23,Finance,SME,South America,pilot
5.33,-4.26,Consulting,SME,Europe,pilot
10.42,2.41,Technology,Startup,Asia,pilot
7.29,-1.24,Healthcare,SME,Europe,pilot
7.72,4.5,Consulting,Startup,Europe,partial
7.92,12.28,Consulting,SME,Asia,partial
14.95,5.65,Manufacturing,Enterprise,Africa,partial
5.87,3.55,Manufacturing,SME,Africa,pilot
14.12,8.16,Technology,Startup,Africa,partial
11.34,12.69,Consulting,SME,North America,pilot
12.84,14.06,Consulting,Startup,Europe,partial
8.57,2.93,Logistics,SME,Europe,pilot
10.17,5.06,Healthcare,SME,Asia,partial
5.52,-1.01,Finance,SME,Oceania,pilot
9.33,4.69,Healthcare,SME,Africa,partial
11.92,9.36,Finance,Startup,South America,partial
9.35,-2.73,Agriculture,Startup,Asia,pilot
13.26,11.42,Retail,Enterprise,South America,partial
16.4,13.14,Technology,Enterprise,Asia,partial
8.57,1.47,Healthcare,SME,South America,pilot
14.94,5.73,Consulting,Enterprise,Oceania,partial
14.8,12.13,Retail,Enterprise,Asia,partial
5.9,5.67,Consulting,SME,Africa,pilot
7.35,8.22,Manufacturing,SME,Africa,partial
14.32,0.37,Technology,SME,North America,partial
17.17,19.01,Technology,SME,Africa,partial
14.22,13.41,Technology,SME,Asia,partial
6.31,7.96,Consulting,SME,Asia,pilot
6.45,1.13,Finance,SME,Asia,pilot
6.43,-2.25,Consulting,SME,Europe,pilot
13.4,1.76,Logistics,Startup,Europe,partial
9.97,9.87,Agriculture,Startup,Oceania,partial
3.74,0.81,Healthcare,Startup,Oceania,pilot
2.73,-1.69,Healthcare,Startup,Europe,none
4.97,5.57,Retail,SME,Europe,pilot
4.96,8.35,Manufacturing,SME,Europe,none
12.04,17.57,Agriculture,Startup,Asia,partial
13.67,6.33,Technology,SME,Asia,partial
4.12,0.4,Consulting,SME,Asia,none
7.0,-1.18,Agriculture,SME,Europe,pilot
4.81,5.4,Healthcare,Startup,Europe,pilot
3.93,7.02,Consulting,Enterprise,Asia,pilot
8.5,6.44,Finance,SME,Asia,partial
19.71,17.03,Technology,SME,Europe,partial
7.06,-3.05,Consulting,Startup,Europe,pilot
6.45,-0.41,Agriculture,Startup,Asia,pilot
8.5,-3.66,Finance,SME,Asia,pilot
3.43,-3.85,Healthcare,Startup,Africa,none
11.36,2.8,Agriculture,SME,Europe,pilot
7.11,5.87,Healthcare,SME,Asia,pilot
13.09,6.04,Education,Enterprise,Asia,partial
7.7,1.11,Retail,SME,Africa,none
7.09,3.45,Manufacturing,Startup,South America,pilot
10.27,10.14,Logistics,Enterprise,South America,pilot
14.37,11.65,Manufacturing,SME,Asia,partial
9.17,7.64,Healthcare,Startup,Europe,pilot
5.76,6.02,Retail,Startup,South America,pilot
7.77,5.16,Finance,Startup,Asia,partial
13.97,5.57,Agriculture,SME,South America,partial
11.35,9.75,Consulting,SME,Africa,partial
7.32,-5.0,Manufacturing,SME,Europe,pilot
4.18,0.9,Logistics,SME,Africa,pilot
11.44,4.24,Consulting,Enterprise,South America,partial
16.52,9.33,Finance,Enterprise,Europe,full
11.4,0.01,Finance,SME,Europe,partial
9.53,11.3,Consulting,SME,South America,partial
8.22,5.3,Logistics,SME,Asia,pilot
11.86,-2.53,Finance,SME,Africa,partial
5.22,-1.78,Logistics,SME,Asia,pilot
14.67,4.28,Technology,SME,Europe,partial
11.88,8.14,Technology,Startup,South America,partial
9.37,5.66,Finance,Enterprise,Asia,pilot
8.59,5.44,Retail,SME,South America,pilot
9.03,-4.72,Manufacturing,SME,Oceania,partial
9.29,8.0,Healthcare,SME,Asia,pilot
10.22,3.83,Technology,Startup,Europe,partial
5.86,4.9,Technology,Startup,North America,pilot
10.34,-1.26,Education,SME,Europe,pilot
2.87,2.51,Retail,Startup,Oceania,pilot
13.48,3.96,Technology,Enterprise,Europe,partial
15.57,15.87,Education,Startup,Africa,partial
7.64,5.85,Agriculture,Startup,North America,partial
5.24,5.01,Retail,Startup,Asia,pilot
7.73,9.55,Consulting,Startup,Africa,pilot
9.91,-5.0,Finance,Enterprise,South America,pilot
9.07,-3.65,Logistics,SME,South America,pilot
15.28,9.01,Consulting,Enterprise,South America,partial
7.11,5.21,Finance,Startup,South America,pilot
7.21,-1.34,Consulting,Startup,Europe,pilot
4.34,2.53,Retail,Enterprise,South America,pilot
14.58,10.35,Healthcare,SME,Europe,partial
10.35,8.48,Healthcare,SME,Africa,partial
12.44,10.82,Consulting,SME,Africa,partial
15.06,7.02,Education,Enterprise,Europe,partial
8.81,5.84,Consulting,Enterprise,Europe,pilot
7.33,4.57,Agriculture,Startup,North America,pilot
8.63,-3.39,Logistics,Startup,Europe,pilot
15.47,20.53,Education,Startup,Oceania,partial
6.84,4.59,Consulting,Startup,Europe,partial
11.73,-3.29,Manufacturing,SME,Europe,pilot
4.62,3.26,Consulting,SME,South America,pilot
22.19,11.81,Education,Enterprise,Asia,partial
3.42,4.36,Manufacturing,Startup,South America,pilot
7.97,7.68,Healthcare,Startup,Asia,partial
8.28,-1.51,Agriculture,Startup,Africa,pilot
13.9,12.44,Technology,Startup,Oceania,partial
5.47,-2.32,Logistics,Startup,Europe,pilot
8.93,4.71,Agriculture,SME,Europe,pilot
10.13,9.25,Finance,Startup,Europe,pilot
13.28,2.91,Manufacturing,SME,Europe,partial
11.92,-5.0,Healthcare,Startup,Oceania,partial
7.57,12.29,Agriculture,SME,Europe,pilot
3.53,-5.0,Healthcare,SME,Asia,pilot
6.78,-3.36,Retail,Startup,Asia,pilot
4.99,-0.16,Healthcare,Enterprise,Europe,none
13.29,14.56,Education,Enterprise,South America,partial
12.78,4.46,Finance,SME,Oceania,partial
4.5,-3.53,Agriculture,Startup,Asia,none
11.48,9.05,Consulting,Enterprise,Asia,partial
10.77,2.7,Agriculture,SME,Europe,pilot
9.39,2.37,Manufacturing,Enterprise,South America,pilot
4.6,-2.18,Healthcare,SME,Europe,partial
13.43,-0.4,Technology,SME,Asia,partial
5.26,5.83,Education,Startup,Oceania,none
15.52,-4.51,Technology,SME,Europe,partial
11.33,1.6,Agriculture,SME,Asia,partial
5.17,-5.0,Technology,Enterprise,Asia,none
13.28,1.69,Finance,SME,South America,partial
0.41,4.81,Education,SME,Asia,none
15.06,16.13,Finance,Enterprise,Asia,partial
7.35,-4.05,Healthcare,SME,Africa,pilot
7.94,3.41,Logistics,Startup,Asia,pilot
10.19,3.97,Finance,Startup,Asia,partial
5.13,-4.52,Logistics,SME,Africa,pilot
13.72,-0.15,Consulting,Enterprise,Asia,pilot
5.08,-0.29,Manufacturing,SME,Europe,pilot
7.68,4.26,Manufacturing,SME,Europe,pilot
11.71,4.48,Agriculture,SME,Asia,partial
7.94,6.89,Education,SME,Europe,partial
21.33,11.63,Technology,SME,Asia,full
11.94,3.07,Education,Enterprise,South America,partial
12.27,-1.4,Agriculture,SME,Asia,partial
7.9,3.8,Agriculture,Startup,South America,partial
8.63,5.39,Finance,Startup,South America,partial
12.31,0.13,Agriculture,SME,Asia,pilot
10.82,5.71,Retail,Startup,Africa,pilot
8.11,4.8,Logistics,SME,Asia,pilot
5.51,15.13,Agriculture,SME,Asia,pilot
13.16,0.95,Manufacturing,Enterprise,Africa,partial
11.22,4.29,Agriculture,Startup,Europe,partial
11.89,8.67,Technology,Startup,Asia,partial
13.18,0.63,Retail,Enterprise,Asia,pilot
0.0,4.98,Finance,SME,Europe,pilot
7.74,3.98,Healthcare,SME,Africa,pilot
9.57,9.44,Manufacturing,SME,Europe,partial
10.33,3.15,Retail,Enterprise,Europe,partial
10.03,4.85,Education,SME,South America,partial
3.56,-3.87,Manufacturing,SME,Europe,pilot
15.26,13.21,Agriculture,Enterprise,Oceania,partial
13.47,15.24,Healthcare,Enterprise,Asia,partial
10.12,6.79,Technology,Startup,Asia,pilot
12.87,1.94,Technology,Startup,Europe,partial
9.52,2.71,Technology,Startup,Asia,pilot
9.92,10.96,Consulting,SME,Oceania,partial
4.66,3.16,Finance,SME,Asia,pilot
9.36,14.04,Consulting,Startup,South America,partial
11.91,-5.0,Finance,Enterprise,South America,partial
10.76,8.78,Healthcare,SME,South America,pilot
10.94,4.31,Education,Enterprise,Africa,partial
11.22,9.75,Retail,Startup,Asia,partial
7.12,2.76,Education,SME,South America,pilot
8.01,4.97,Retail,SME,South America,pilot
3.01,3.39,Logistics,Startup,Europe,pilot
5.66,5.02,Manufacturing,Startup,Africa,pilot
7.81,1.61,Agriculture,SME,Asia,partial
12.37,1.51,Technology,SME,North America,partial
7.28,10.24,Finance,Enterprise,South America,pilot
8.76,13.16,Retail,SME,Asia,partial
0.0,-1.53,Logistics,SME,South America,none
12.96,4.82,Agriculture,SME,North America,partial
9.56,3.96,Consulting,SME,South America,pilot
4.11,-0.07,Manufacturing,Startup,Africa,none
11.1,8.81,Consulting,Startup,Asia,partial
4.82,3.64,Technology,Startup,Europe,pilot
15.31,8.27,Education,Enterprise,Oceania,partial
10.8,2.35,Finance,SME,Asia,pilot
11.03,15.26,Retail,SME,Asia,partial
9.48,5.08,Logistics,Startup,Asia,pilot
9.16,-0.51,Finance,SME,South America,partial
8.85,5.53,Finance,SME,Europe,pilot
7.52,5.1,Healthcare,SME,Oceania,pilot
13.09,-3.99,Technology,Startup,Asia,partial
14.7,2.5,Agriculture,Startup,Europe,partial
11.44,7.42,Manufacturing,SME,Oceania,partial
13.53,3.93,Healthcare,Enterprise,Asia,partial
5.51,4.21,Retail,SME,Asia,pilot
7.75,-1.39,Manufacturing,Enterprise,South America,pilot
8.18,7.51,Technology,SME,Europe,pilot
4.8,2.72,Technology,SME,Asia,none
6.27,2.21,Education,SME,North America,partial
11.92,1.17,Logistics,Startup,Europe,partial
6.91,-0.08,Technology,SME,Europe,pilot
12.84,8.82,Technology,SME,Asia,partial
10.55,7.59,Retail,SME,Europe,partial
0.0,4.49,Healthcare,SME,North America,none
10.68,4.33,Logistics,Startup,Europe,partial
9.86,-2.15,Education,SME,Europe,pilot
9.64,14.99,Manufacturing,SME,Africa,partial
12.01,5.09,Manufacturing,SME,Europe,partial
9.92,3.1,Logistics,SME,Africa,partial
9.54,-5.0,Finance,Startup,Asia,pilot
5.98,8.78,Finance,Startup,Asia,pilot
6.11,2.97,Manufacturing,SME,Asia,pilot
12.08,5.08,Agriculture,SME,Oceania,partial
11.73,6.0,Retail,SME,Asia,partial
10.49,9.67,Finance,Startup,Europe,partial
7.88,7.76,Manufacturing,SME,South America,partial
0.0,3.27,Healthcare,SME,Asia,none
19.71,18.28,Technology,Enterprise,South America,full
15.29,1.62,Technology,SME,Europe,partial
2.89,2.13,Agriculture,Startup,Europe,pilot
11.83,4.94,Finance,Startup,North America,partial
15.96,7.6,Retail,SME,Asia,partial
16.9,10.58,Technology,Enterprise,Europe,partial
9.06,0.09,Logistics,SME,Asia,pilot
7.14,-1.05,Education,Startup,Asia,pilot
6.98,-5.0,Healthcare,SME,South America,partial
10.08,1.51,Manufacturing,Enterprise,Europe,pilot
12.3,8.01,Healthcare,Startup,Europe,partial
10.21,2.94,Education,Startup,Asia,partial
14.12,9.04,Finance,SME,South America,partial
13.3,3.65,Agriculture,Enterprise,North America,partial
8.61,-5.0,Consulting,SME,South America,pilot
10.73,10.32,Retail,Startup,Africa,partial
3.58,-2.33,Finance,Startup,Europe,none
8.64,11.5,Manufacturing,Startup,South America,pilot
7.21,16.33,Education,Startup,South America,partial
12.31,4.35,Finance,SME,North America,partial
11.28,9.04,Retail,SME,Asia,partial
11.87,8.94,Technology,SME,Oceania,partial
9.17,4.68,Consulting,Startup,Asia,partial
11.03,7.19,Technology,Enterprise,Europe,pilot
7.4,5.54,Retail,SME,South America,partial
8.16,10.39,Retail,SME,South America,pilot
13.68,-3.49,Finance,SME,North America,partial
7.86,5.16,Agriculture,Startup,South America,partial
7.63,6.9,Education,Startup,Europe,partial
9.04,9.17,Finance,SME,Asia,partial
8.37,11.1,Education,SME,Europe,partial
9.51,5.28,Finance,Enterprise,Asia,partial
6.96,7.73,Manufacturing,Enterprise,Asia,pilot
8.37,-2.09,Manufacturing,Startup,Europe,partial
7.51,-5.0,Education,Startup,Europe,partial
12.33,5.46,Education,Enterprise,Asia,partial
9.51,5.61,Finance,Enterprise,South America,partial
12.84,-5.0,Technology,Enterprise,Oceania,partial
10.96,-5.0,Consulting,SME,Europe,pilot
13.86,9.92,Healthcare,SME,Asia,partial
6.59,-0.99,Agriculture,SME,Africa,pilot
10.15,-2.43,Education,Enterprise,Europe,partial
8.92,1.1,Manufacturing,SME,Asia,partial
7.43,11.36,Manufacturing,Enterprise,Africa,partial
5.12,-5.0,Retail,SME,Asia,pilot
8.72,1.18,Technology,Startup,Europe,pilot
12.82,2.4,Manufacturing,Enterprise,Asia,pilot
17.77,10.52,Consulting,Enterprise,Africa,partial
7.27,7.82,Finance,Enterprise,Europe,pilot
9.41,-0.46,Agriculture,SME,Asia,partial
8.08,4.88,Finance,Startup,Africa,pilot
19.52,1.55,Healthcare,Enterprise,Asia,partial
14.22,7.74,Finance,Enterprise,Europe,partial
8.05,5.53,Agriculture,Startup,Europe,partial
7.96,2.44,Technology,Startup,South America,partial
1.07,-0.56,Manufacturing,SME,Asia,pilot
5.92,7.87,Finance,SME,Europe,partial
11.56,-1.04,Healthcare,SME,Asia,partial
8.14,4.28,Logistics,Enterprise,Asia,pilot
9.25,18.49,Retail,Startup,Africa,pilot
14.35,14.9,Finance,Startup,Europe,partial
7.11,9.5,Healthcare,SME,South America,pilot
1.18,-1.4,Manufacturing,SME,Asia,pilot
9.74,1.29,Finance,Startup,Asia,partial
11.19,-1.18,Technology,SME,South America,partial
8.52,9.25,Logistics,Startup,Europe,partial
3.24,-2.09,Healthcare,Startup,Asia,pilot
11.53,-1.17,Agriculture,Enterprise,Oceania,pilot
15.41,-0.6,Finance,Enterprise,Africa,pilot
18.65,-1.69,Finance,Enterprise,South America,partial
10.16,5.4,Healthcare,SME,South America,partial
9.27,2.06,Healthcare,SME,Asia,pilot
9.46,4.16,Retail,Startup,Africa,partial
14.87,6.86,Technology,Enterprise,North America,partial
10.94,4.13,Finance,Enterprise,Asia,partial
8.63,-5.0,Agriculture,Startup,Oceania,pilot
4.66,-5.0,Manufacturing,SME,Asia,pilot
4.48,8.73,Education,Startup,Oceania,pilot
13.78,6.33,Logistics,SME,Asia,pilot
11.81,7.35,Logistics,Startup,Asia,partial
7.86,5.12,Technology,SME,South America,partial
6.65,-1.11,Retail,SME,Asia,pilot
6.21,-0.76,Healthcare,Startup,Europe,pilot
1.82,2.12,Healthcare,Startup,Asia,pilot
11.37,6.63,Healthcare,Enterprise,Europe,partial
12.38,-1.31,Logistics,SME,Europe,partial
15.02,11.92,Education,Enterprise,Oceania,partial
5.53,11.25,Finance,Startup,Oceania,pilot
9.99,7.0,Retail,Startup,Europe,partial
9.09,1.72,Agriculture,SME,Europe,partial
6.34,0.67,Education,SME,Oceania,pilot
14.25,10.78,Logistics,Enterprise,Europe,partial
9.96,9.25,Consulting,Enterprise,North America,partial
13.24,1.02,Agriculture,SME,Europe,partial
11.2,6.45,Healthcare,Startup,North America,partial
6.74,9.89,Education,Startup,South America,pilot
6.39,-4.03,Finance,Startup,Africa,pilot
9.48,-1.66,Retail,Enterprise,Asia,partial
18.23,3.12,Technology,Enterprise,Africa,partial
6.99,1.32,Manufacturing,SME,Europe,partial
10.63,4.28,Logistics,Startup,Asia,partial
1.43,2.52,Manufacturing,Startup,Africa,none
9.63,3.18,Retail,SME,Asia,partial
8.92,12.16,Healthcare,Startup,Europe,partial
13.77,8.06,Manufacturing,SME,Asia,partial
16.41,6.11,Finance,Enterprise,Asia,partial
9.38,1.44,Finance,Startup,Africa,partial
5.5,0.57,Healthcare,SME,Europe,pilot
12.0,8.77,Technology,Enterprise,Europe,partial
5.27,-5.0,Retail,SME,Asia,pilot
5.12,-1.46,Technology,Startup,Africa,pilot
10.05,-0.44,Agriculture,SME,Africa,partial
13.83,-2.4,Healthcare,Startup,North America,partial
6.64,0.51,Agriculture,SME,Europe,pilot
12.05,8.35,Agriculture,SME,Asia,partial
6.2,2.57,Manufacturing,SME,Europe,none
9.97,9.43,Finance,SME,Oceania,partial
9.19,10.85,Retail,Enterprise,Asia,partial
4.97,1.77,Retail,Startup,South America,pilot
3.1,-1.57,Agriculture,Startup,South America,none
3.72,6.5,Manufacturing,Startup,Africa,pilot
9.84,-4.04,Finance,SME,Europe,partial
14.38,7.9,Logistics,Startup,Europe,partial
7.38,11.97,Agriculture,SME,North America,partial
6.87,8.39,Technology,SME,Asia,partial
8.77,10.3,Education,Startup,Europe,partial
8.12,10.03,Retail,SME,Africa,pilot
11.01,15.06,Retail,SME,Europe,partial
5.59,4.82,Healthcare,Startup,Oceania,partial
7.6,-2.57,Logistics,Startup,North America,pilot
9.44,0.13,Healthcare,SME,Europe,partial
10.72,11.82,Consulting,Startup,South America,partial
14.05,3.16,Retail,SME,Oceania,partial
11.21,-5.0,Healthcare,Startup,Asia,partial
3.13,5.36,Education,Startup,South America,none
5.7,3.36,Finance,SME,Asia,pilot
10.24,0.14,Retail,Startup,Asia,pilot
6.07,2.68,Consulting,Startup,South America,pilot
9.72,-2.6,Finance,SME,North America,pilot
6.06,2.65,Retail,SME,South America,none
1.86,-5.0,Finance,Startup,Africa,pilot
3.56,-0.01,Retail,SME,South America,pilot
7.99,4.69,Healthcare,Startup,South America,pilot
12.7,9.62,Technology,SME,Europe,partial
8.5,2.01,Retail,SME,Africa,partial
8.65,6.41,Logistics,SME,Europe,partial
14.97,11.09,Healthcare,SME,Europe,partial
13.56,-0.25,Healthcare,Startup,Asia,partial
12.66,5.81,Retail,Enterprise,Europe,partial
12.67,6.13,Logistics,SME,Europe,partial
12.54,7.31,Finance,Enterprise,Asia,partial
5.63,3.93,Healthcare,Startup,Asia,pilot
2.16,3.03,Agriculture,SME,South America,pilot
10.15,5.64,Healthcare,Enterprise,Asia,pilot
6.4,1.95,Consulting,SME,Europe,pilot
11.68,1.89,Finance,Startup,Europe,partial
0.95,-5.0,Healthcare,Startup,Asia,none
3.95,7.47,Consulting,Startup,Europe,none
6.75,11.36,Healthcare,SME,Asia,pilot
10.5,5.88,Manufacturing,SME,Asia,partial
3.78,-0.64,Retail,SME,Europe,pilot
13.34,8.37,Technology,SME,Africa,partial
6.86,2.15,Logistics,Startup,South America,partial
15.96,1.47,Technology,Enterprise,Asia,partial
3.12,2.26,Retail,Startup,South America,pilot
6.73,-2.65,Retail,SME,Asia,pilot
12.74,7.0,Finance,Startup,Africa,partial
7.32,1.05,Logistics,Startup,Europe,pilot
2.47,-3.25,Logistics,Startup,Asia,pilot
6.99,2.61,Finance,SME,Asia,pilot
5.95,-5.0,Retail,Startup,Oceania,pilot
5.43,6.17,Retail,Startup,North America,pilot
10.22,8.78,Education,SME,Asia,pilot
7.53,3.88,Agriculture,SME,Asia,pilot
11.15,4.63,Finance,SME,Asia,partial
5.49,10.56,Healthcare,Startup,Europe,pilot
3.65,4.98,Finance,SME,Africa,none
8.89,4.31,Technology,SME,Asia,partial
6.44,-4.08,Healthcare,Startup,Oceania,pilot
11.23,8.58,Finance,SME,Asia,partial
8.84,5.29,Retail,Startup,South America,pilot
2.28,5.62,Manufacturing,Startup,Asia,pilot
7.31,-3.76,Agriculture,Startup,Asia,partial
13.13,3.42,Education,Enterprise,South America,pilot
11.38,4.35,Healthcare,Enterprise,Africa,partial
11.67,-1.85,Logistics,SME,Europe,pilot
14.55,5.71,Finance,SME,North America,pilot
6.26,5.17,Logistics,Startup,Europe,pilot
13.97,4.59,Agriculture,Enterprise,Asia,partial
7.67,-0.17,Agriculture,Startup,Africa,pilot
7.76,-1.13,Finance,SME,Europe,partial
12.54,19.61,Education,Enterprise,Europe,partial
10.3,-0.91,Education,Enterprise,Asia,pilot
8.63,-1.74,Healthcare,SME,Oceania,partial
15.42,4.3,Logistics,SME,Asia,partial
10.03,1.6,Technology,SME,South America,partial
9.4,3.61,Logistics,SME,Oceania,partial
12.72,1.79,Healthcare,Startup,Europe,partial
6.77,9.16,Agriculture,SME,Europe,pilot
13.11,1.61,Healthcare,Enterprise,Europe,partial
8.26,4.78,Retail,SME,Oceania,partial
9.08,2.31,Technology,SME,Europe,partial
15.44,11.01,Technology,Startup,Asia,partial
12.51,14.0,Technology,Startup,Europe,partial
7.23,2.21,Logistics,SME,Europe,pilot
13.78,13.8,Healthcare,Startup,Africa,partial
3.38,-1.61,Agriculture,Startup,South America,pilot
12.85,1.78,Technology,Enterprise,Asia,partial
16.13,11.43,Finance,Startup,Asia,partial
10.52,4.27,Agriculture,Enterprise,Europe,pilot
14.7,5.3,Consulting,Startup,Asia,partial
9.71,5.38,Education,Startup,South America,partial
12.72,8.9,Retail,Enterprise,Europe,partial
1.39,-3.56,Education,SME,Asia,pilot
8.24,0.45,Healthcare,SME,Asia,partial
11.55,1.34,Technology,SME,Europe,partial
8.78,5.14,Consulting,Startup,South America,pilot
2.03,-0.77,Retail,Startup,Asia,pilot
16.78,1.06,Technology,Startup,Europe,partial
12.63,13.15,Technology,SME,Asia,partial
15.39,12.75,Education,Enterprise,Africa,partial
5.0,-1.04,Healthcare,SME,Europe,none
8.35,0.03,Finance,SME,South America,partial
8.58,-5.0,Agriculture,Enterprise,Asia,pilot
7.62,10.73,Consulting,Enterprise,Asia,pilot
6.51,8.69,Education,Startup,Africa,pilot
7.67,4.56,Technology,Startup,Europe,pilot
9.73,-5.0,Agriculture,SME,Europe,pilot
16.93,5.8,Retail,Enterprise,Europe,partial
6.34,5.37,Education,SME,Europe,partial
10.81,-0.96,Technology,Startup,Europe,pilot
14.87,1.75,Technology,Enterprise,Asia,partial
10.86,3.12,Consulting,SME,South America,partial
15.37,8.71,Healthcare,SME,North America,partial
8.53,-2.35,Logistics,SME,Europe,partial
16.89,9.68,Technology,Enterprise,Europe,partial
11.79,10.62,Education,Enterprise,Europe,partial
10.49,8.95,Manufacturing,SME,South America,partial
17.56,8.4,Consulting,Startup,Asia,partial
4.48,4.97,Logistics,Startup,Asia,pilot
12.21,11.23,Logistics,SME,Europe,partial
15.1,7.87,Healthcare,SME,Europe,partial
11.74,7.05,Logistics,Startup,Oceania,partial
7.56,2.37,Retail,Startup,Europe,partial
2.01,-4.16,Consulting,Startup,Asia,pilot
14.85,15.09,Technology,Enterprise,Europe,partial
8.53,5.51,Retail,Startup,Asia,partial
13.54,10.27,Healthcare,SME,Asia,partial
11.84,1.1,Technology,SME,Oceania,partial
14.26,7.86,Technology,Startup,Asia,partial
7.95,4.25,Logistics,Enterprise,Europe,pilot
5.23,-5.0,Retail,Startup,Asia,pilot
6.77,-0.92,Agriculture,Startup,North America,partial
7.18,2.89,Manufacturing,Startup,South America,partial
13.14,2.65,Technology,SME,Asia,pilot
6.1,7.5,Consulting,SME,Asia,pilot
14.92,5.64,Technology,Enterprise,Europe,partial
10.87,14.13,Retail,SME,Europe,partial
7.3,0.18,Healthcare,SME,Asia,pilot
7.7,3.2,Healthcare,Enterprise,Asia,partial
13.36,10.92,Agriculture,SME,Oceania,partial
18.73,9.57,Manufacturing,SME,South America,partial
10.57,3.8,Education,SME,Oceania,partial
15.84,1.03,Agriculture,Startup,Africa,partial
12.66,15.15,Manufacturing,SME,Asia,partial
6.4,8.7,Education,Startup,Asia,pilot
8.03,6.11,Healthcare,SME,Europe,pilot
9.57,-2.45,Agriculture,SME,Europe,partial
8.94,4.06,Consulting,SME,Europe,pilot
5.71,2.94,Technology,Startup,North America,pilot
10.16,12.83,Healthcare,SME,North America,partial
10.84,-1.92,Education,Startup,Africa,partial
4.94,-1.18,Healthcare,SME,Asia,pilot
13.73,3.88,Technology,SME,Asia,partial
5.06,8.03,Technology,SME,Europe,pilot
20.0,3.43,Technology,SME,Europe,full
9.01,-0.44,Logistics,Enterprise,South America,pilot
12.05,1.14,Healthcare,Startup,South America,partial
10.95,6.51,Healthcare,Enterprise,Oceania,partial
9.39,6.36,Retail,Startup,North America,pilot
12.62,-0.5,Technology,SME,Asia,pilot
8.64,-5.0,Technology,SME,Asia,pilot
9.55,5.73,Agriculture,SME,North America,partial
2.77,3.27,Healthcare,SME,Asia,pilot
11.12,9.36,Consulting,SME,Asia,partial
9.93,4.77,Retail,SME,Asia,partial
6.51,-1.8,Retail,SME,Asia,partial
7.76,-1.78,Finance,Enterprise,Europe,pilot
1.96,-4.06,Retail,Startup,South America,pilot
10.07,6.07,Technology,SME,Asia,pilot
4.29,6.69,Manufacturing,SME,South America,pilot
6.1,-1.05,Manufacturing,Startup,Asia,pilot
11.3,12.63,Consulting,Enterprise,Africa,partial
6.49,-0.34,Agriculture,SME,South America,pilot
10.0,8.59,Consulting,Enterprise,Europe,partial
6.62,5.52,Finance,SME,Europe,pilot
9.75,4.09,Finance,SME,Europe,partial
10.41,10.14,Technology,SME,Oceania,partial
10.02,8.01,Healthcare,Startup,Asia,partial
10.06,4.56,Retail,Startup,Asia,pilot
4.82,6.09,Manufacturing,Startup,Africa,pilot
10.98,3.57,Technology,Startup,Europe,partial
12.83,12.61,Healthcare,Startup,Europe,partial
6.77,-2.06,Retail,Startup,Asia,partial
14.49,7.74,Technology,Enterprise,North America,partial
6.55,6.48,Retail,SME,Africa,pilot
6.78,3.55,Logistics,Startup,Asia,pilot
12.48,-3.86,Technology,SME,South America,partial
6.09,-1.65,Manufacturing,Enterprise,Europe,partial
19.12,11.2,Technology,SME,Asia,partial
4.69,0.76,Healthcare,SME,Asia,pilot
21.8,12.67,Technology,Enterprise,Europe,full
7.7,-5.0,Education,Startup,Europe,partial
14.66,5.74,Agriculture,SME,Africa,partial
9.44,3.46,Agriculture,Startup,Europe,partial
6.2,-1.46,Retail,SME,Europe,pilot
14.45,1.58,Technology,SME,Europe,partial
15.18,2.47,Finance,SME,Europe,partial
12.88,1.57,Technology,SME,Europe,partial
9.03,2.85,Finance,SME,Asia,partial
7.02,-5.0,Education,SME,Asia,pilot
12.59,2.48,Logistics,SME,Asia,pilot
14.82,4.72,Manufacturing,Enterprise,Africa,partial
16.22,9.89,Technology,Enterprise,South America,partial
9.62,1.97,Technology,Enterprise,Europe,partial
9.59,13.01,Agriculture,Startup,Europe,partial
8.4,-5.0,Healthcare,SME,Asia,partial
19.25,15.48,Finance,Enterprise,Oceania,partial
6.14,6.84,Logistics,Startup,Asia,partial
8.05,0.73,Finance,Startup,Asia,partial
13.69,4.43,Consulting,Startup,Oceania,partial
9.73,0.84,Manufacturing,Startup,Asia,pilot
8.07,0.95,Logistics,Startup,Asia,partial
9.21,3.79,Education,SME,South America,pilot
6.96,-5.0,Consulting,Startup,Europe,pilot
10.64,8.21,Agriculture,SME,Europe,partial
8.7,1.97,Education,SME,Africa,partial
11.3,6.19,Logistics,Startup,Asia,partial
11.6,3.23,Logistics,SME,Asia,partial
11.21,5.4,Manufacturing,Enterprise,South America,pilot
13.58,6.54,Agriculture,SME,Oceania,partial
9.78,0.02,Consulting,Enterprise,Asia,partial
6.77,-0.9,Consulting,Startup,Europe,pilot
13.87,7.01,Healthcare,SME,Europe,partial
7.74,3.96,Education,Enterprise,Europe,pilot
7.99,-5.0,Consulting,Startup,South America,pilot
0.0,3.45,Agriculture,SME,Europe,pilot
9.47,15.15,Healthcare,Startup,Europe,partial
11.6,0.09,Logistics,Startup,Asia,partial
5.88,6.18,Agriculture,SME,Africa,pilot
2.56,1.41,Healthcare,Startup,Asia,pilot
5.65,9.27,Education,Startup,Europe,pilot
5.43,3.46,Healthcare,Enterprise,Europe,partial
13.12,11.37,Finance,Enterprise,Asia,partial
10.29,-5.0,Healthcare,Startup,Europe,pilot
6.45,-5.0,Retail,SME,Europe,pilot
7.32,6.88,Retail,SME,South America,pilot
13.5,4.68,Healthcare,SME,Asia,partial
11.95,14.75,Retail,Enterprise,Asia,partial
10.9,15.1,Technology,Startup,Asia,partial
5.37,9.82,Finance,Startup,Asia,pilot
6.03,10.8,Manufacturing,Startup,South America,partial
15.3,-1.81,Manufacturing,Startup,Asia,partial
11.05,6.54,Healthcare,Startup,South America,partial
13.0,6.15,Technology,Startup,Europe,partial
17.49,6.45,Consulting,Enterprise,Europe,partial
8.03,-1.52,Finance,Startup,Asia,partial
10.47,7.92,Manufacturing,SME,Europe,partial
16.57,18.69,Healthcare,Enterprise,Asia,full
6.65,8.35,Retail,Startup,Europe,partial
6.21,19.46,Healthcare,Startup,Europe,partial
15.33,7.86,Finance,Enterprise,Asia,partial
6.33,2.52,Agriculture,SME,Oceania,pilot
14.84,5.01,Logistics,Enterprise,Europe,partial
1.56,5.31,Healthcare,Startup,Asia,pilot
9.31,2.95,Logistics,SME,Africa,partial
8.62,-4.24,Healthcare,SME,South America,pilot
6.09,-0.85,Retail,Startup,Africa,pilot
10.14,10.55,Manufacturing,SME,Oceania,partial
15.97,3.31,Agriculture,Enterprise,Asia,partial
11.68,6.6,Manufacturing,Enterprise,Europe,partial
15.25,6.52,Finance,Enterprise,South America,partial
3.08,6.24,Agriculture,SME,South America,pilot
7.98,-3.83,Finance,Startup,Asia,partial
5.08,9.36,Finance,SME,Africa,pilot
11.25,1.74,Education,Enterprise,Asia,partial
10.21,4.56,Technology,Startup,Africa,pilot
8.4,0.55,Consulting,SME,Europe,pilot
8.82,0.18,Finance,Startup,South America,partial
8.06,10.7,Logistics,Startup,Europe,partial
10.42,2.09,Manufacturing,Enterprise,Africa,pilot
4.05,5.77,Consulting,SME,Africa,pilot
5.45,1.57,Finance,SME,Europe,pilot
10.01,8.53,Technology,Startup,Asia,pilot
10.23,17.26,Agriculture,Startup,Europe,partial
5.3,-0.78,Healthcare,Startup,North America,pilot
10.81,8.8,Education,Startup,South America,partial
10.33,10.73,Technology,SME,South America,partial
6.97,14.65,Logistics,Startup,Africa,partial
8.54,5.49,Agriculture,Startup,Asia,partial
9.74,9.88,Retail,Enterprise,Africa,partial
15.73,6.3,Manufacturing,Enterprise,Oceania,partial
16.26,1.18,Manufacturing,SME,Europe,partial
3.69,0.71,Healthcare,Startup,Asia,pilot
16.26,3.49,Technology,Startup,North America,partial
14.55,5.87,Education,SME,Asia,partial
7.52,-5.0,Healthcare,Startup,Europe,partial
14.02,21.59,Education,Startup,Asia,partial
8.28,14.4,Healthcare,SME,Europe,pilot
4.78,-4.23,Logistics,Startup,South America,pilot
11.95,-5.0,Technology,Enterprise,South America,pilot
13.31,9.43,Finance,Enterprise,Europe,partial
8.1,2.27,Healthcare,SME,South America,pilot
7.84,7.4,Consulting,SME,Africa,partial
12.79,9.56,Finance,Startup,Asia,partial
9.53,4.14,Healthcare,Startup,Africa,pilot
7.31,1.02,Retail,Startup,North America,pilot
13.02,6.73,Manufacturing,Startup,Asia,partial
14.65,9.02,Technology,Startup,North America,partial
15.84,4.55,Agriculture,Startup,Europe,partial
11.17,8.59,Manufacturing,Enterprise,Asia,partial
4.55,-0.12,Agriculture,SME,Asia,pilot
10.96,8.33,Consulting,Enterprise,Oceania,partial
17.57,16.75,Agriculture,Enterprise,South America,full
9.37,6.03,Retail,Startup,Europe,partial
8.36,5.48,Manufacturing,SME,Europe,partial
11.99,-1.33,Technology,Enterprise,South America,pilot
13.2,2.57,Finance,SME,Asia,pilot
9.6,9.16,Finance,SME,Africa,partial
12.13,8.32,Healthcare,SME,Africa,partial
12.62,10.31,Manufacturing,Enterprise,South America,partial
14.36,7.22,Healthcare,Enterprise,Asia,partial
12.52,11.87,Consulting,SME,North America,partial
14.42,8.97,Technology,Startup,Africa,partial
13.55,7.9,Finance,SME,Europe,partial
3.97,0.42,Logistics,SME,Europe,pilot
14.98,7.11,Agriculture,SME,Asia,partial
10.61,10.15,Education,Startup,Asia,partial
8.15,2.98,Manufacturing,SME,Africa,pilot
8.61,5.78,Manufacturing,SME,Asia,partial
13.05,9.12,Manufacturing,Enterprise,Oceania,partial
7.73,5.92,Retail,Startup,Asia,pilot
5.89,7.85,Technology,Startup,Europe,pilot
7.42,10.5,Consulting,SME,Europe,partial
7.5,8.53,Retail,Enterprise,Asia,partial
17.19,7.73,Finance,Startup,South America,full
7.43,1.99,Healthcare,SME,Asia,pilot
13.92,9.37,Logistics,Enterprise,Oceania,partial
11.08,1.21,Finance,SME,South America,partial
7.99,2.95,Healthcare,Startup,Europe,partial
12.88,-0.69,Agriculture,SME,Oceania,partial
5.88,2.86,Healthcare,SME,Europe,pilot
13.9,2.81,Retail,SME,South America,partial
7.96,16.86,Agriculture,SME,South America,partial
10.9,11.72,Education,SME,Asia,partial
6.82,9.47,Finance,Startup,Europe,pilot
10.14,10.61,Agriculture,SME,North America,partial
8.98,-0.38,Manufacturing,SME,Africa,pilot
14.31,16.2,Finance,Enterprise,Asia,partial
11.34,9.92,Technology,Startup,Europe,partial
5.98,2.42,Education,Startup,South America,pilot
12.76,1.72,Healthcare,Enterprise,Asia,partial
8.83,2.49,Technology,Startup,Africa,pilot
7.66,6.55,Retail,SME,Europe,pilot
6.26,-5.0,Education,Enterprise,Africa,pilot
14.24,8.93,Technology,Enterprise,Africa,pilot
16.16,7.82,Technology,Enterprise,North America,partial
16.19,-2.18,Technology,Startup,Africa,partial
14.05,11.69,Healthcare,Enterprise,Asia,partial
12.5,11.97,Retail,SME,Oceania,partial
13.6,3.14,Finance,Enterprise,Africa,partial
6.43,1.34,Agriculture,Startup,South America,pilot
12.97,14.38,Technology,Startup,Oceania,partial
7.61,11.61,Retail,Startup,Europe,pilot
15.4,10.67,Logistics,Enterprise,South America,partial
7.11,3.01,Healthcare,SME,Asia,pilot
2.48,-4.01,Logistics,Startup,South America,none
2.76,2.48,Manufacturing,SME,Europe,pilot
9.98,7.12,Technology,Startup,Asia,pilot
13.5,4.04,Manufacturing,Enterprise,South America,partial
11.85,15.27,Retail,SME,South America,partial
7.95,6.14,Healthcare,Startup,Asia,partial
11.78,-3.9,Technology,Startup,North America,partial
12.82,10.68,Finance,Enterprise,Europe,pilot
8.69,2.84,Education,SME,Africa,pilot
5.06,1.54,Manufacturing,SME,Asia,pilot
7.15,-2.34,Finance,Startup,Asia,pilot
12.26,6.84,Logistics,Enterprise,North America,partial
13.47,6.22,Agriculture,SME,Europe,partial
14.37,2.18,Technology,Startup,Asia,partial
9.86,8.59,Healthcare,Startup,Europe,pilot
8.6,2.28,Manufacturing,Startup,Africa,pilot
12.29,-1.33,Finance,Startup,Asia,partial
6.89,-1.62,Technology,SME,Europe,pilot
3.2,-1.21,Healthcare,SME,Africa,pilot
11.56,7.46,Retail,SME,Europe,partial
8.46,6.64,Education,Startup,Asia,pilot
12.7,7.84,Finance,Enterprise,Europe,partial
11.56,8.72,Retail,Enterprise,Asia,pilot
7.0,2.28,Manufacturing,SME,Europe,pilot
12.88,2.89,Technology,Enterprise,Africa,partial
2.43,12.94,Education,SME,Asia,pilot
13.53,3.99,Manufacturing,Enterprise,Oceania,partial
9.82,9.5,Retail,Startup,Oceania,partial
10.26,0.32,Finance,SME,Europe,pilot
15.92,6.88,Healthcare,Enterprise,Europe,partial
8.37,10.15,Technology,SME,Europe,partial
10.15,6.51,Finance,SME,Europe,pilot
12.52,2.59,Technology,Startup,South America,partial
7.14,7.8,Technology,Startup,Europe,pilot
6.57,2.61,Finance,Startup,Africa,pilot
8.72,8.61,Technology,Startup,South America,partial
7.96,4.7,Consulting,Enterprise,Africa,pilot
13.32,3.66,Agriculture,Enterprise,Asia,partial
10.0,-4.85,Technology,SME,Asia,pilot
5.38,4.97,Manufacturing,SME,North America,pilot
8.04,8.42,Education,Startup,Europe,partial
11.67,4.45,Manufacturing,Startup,Asia,partial
15.02,3.66,Technology,Startup,North America,partial
5.32,0.8,Healthcare,Startup,Europe,pilot
4.49,3.16,Healthcare,Startup,Africa,pilot
7.09,0.91,Retail,SME,Oceania,pilot
6.4,3.06,Agriculture,Startup,South America,partial
7.11,3.75,Healthcare,SME,Asia,pilot
8.73,10.53,Consulting,SME,Europe,partial
8.89,6.25,Manufacturing,SME,Oceania,partial
13.58,7.64,Technology,SME,Asia,partial
13.99,7.34,Finance,Enterprise,Africa,pilot
11.67,0.52,Healthcare,Startup,Europe,partial
3.95,-0.86,Healthcare,Enterprise,South America,pilot
12.48,16.06,Manufacturing,Enterprise,South America,partial
2.25,14.04,Retail,Startup,Asia,pilot
16.69,8.86,Technology,Startup,Asia,partial
9.34,4.9,Consulting,Startup,South America,pilot
10.99,3.42,Manufacturing,Enterprise,Asia,pilot
6.69,-3.3,Healthcare,Startup,Asia,pilot
5.14,2.96,Agriculture,Startup,Asia,partial
7.38,5.99,Logistics,SME,Asia,pilot
10.07,4.15,Education,SME,Asia,partial
6.58,-5.0,Manufacturing,Startup,Africa,pilot
12.07,3.33,Finance,Startup,Europe,partial
0.69,-0.45,Healthcare,SME,Asia,none
10.97,4.97,Consulting,Startup,Europe,partial
10.86,-3.12,Education,SME,Oceania,pilot
3.95,-2.22,Agriculture,SME,Africa,none
13.89,3.57,Technology,SME,Africa,partial
14.99,7.44,Technology,Enterprise,Europe,full
4.13,-1.18,Healthcare,Startup,Asia,pilot
15.37,18.14,Logistics,Startup,Oceania,partial
11.6,4.72,Healthcare,Startup,Asia,partial
8.65,9.19,Finance,Enterprise,South America,partial
6.84,2.85,Consulting,Enterprise,Africa,partial
12.32,8.41,Healthcare,Enterprise,Europe,pilot
3.08,9.47,Finance,Startup,Europe,pilot
6.12,5.43,Manufacturing,Startup,Asia,pilot
15.12,10.18,Retail,SME,Asia,partial
8.6,-0.71,Education,Enterprise,Europe,partial
6.56,3.2,Agriculture,SME,Africa,pilot
4.75,-4.7,Manufacturing,SME,Europe,pilot
13.97,0.83,Technology,Enterprise,Africa,partial
8.32,-0.6,Manufacturing,SME,Asia,pilot
8.13,-1.64,Finance,SME,North America,partial
8.37,7.42,Manufacturing,Startup,Europe,partial
13.57,0.52,Finance,SME,North America,partial
13.12,18.58,Technology,Enterprise,Asia,partial
8.75,-3.17,Retail,SME,Europe,pilot
11.09,7.54,Agriculture,Startup,Africa,partial
8.85,6.07,Manufacturing,SME,Asia,partial
8.11,3.99,Finance,SME,Asia,pilot
11.8,-0.19,Education,SME,Europe,partial
9.37,6.62,Logistics,Startup,Asia,partial
12.65,17.79,Technology,SME,North America,partial
9.55,4.21,Finance,SME,South America,pilot
6.13,1.69,Manufacturing,Startup,North America,pilot
8.25,-3.45,Healthcare,SME,Africa,pilot
7.81,10.66,Retail,Enterprise,Asia,partial
13.5,6.31,Finance,Enterprise,Asia,partial
14.76,4.42,Healthcare,Startup,Africa,partial
9.28,12.84,Education,SME,Asia,pilot
10.28,2.14,Retail,Startup,Asia,partial
13.37,6.95,Technology,SME,Asia,partial
8.42,9.26,Manufacturing,Startup,Europe,partial
10.02,0.01,Education,Enterprise,Asia,partial
1.91,-0.06,Healthcare,SME,Asia,pilot
3.16,-5.0,Finance,SME,Asia,pilot
10.41,10.06,Agriculture,Enterprise,Europe,partial
7.15,3.66,Retail,Startup,South America,partial
6.92,-1.03,Education,SME,Oceania,partial
9.75,-2.59,Logistics,Startup,Africa,partial
11.19,0.3,Technology,Enterprise,North America,partial
6.2,5.6,Retail,SME,Europe,partial
5.74,8.05,Healthcare,Startup,Europe,pilot
12.43,10.73,Healthcare,Startup,Asia,partial
5.7,18.0,Education,Startup,North America,partial
11.54,2.89,Finance,Enterprise,Asia,partial
2.29,2.39,Agriculture,Startup,Asia,pilot
9.05,7.21,Retail,Startup,North America,partial
6.86,7.31,Finance,Startup,South America,partial
10.31,4.16,Technology,Startup,Europe,partial
11.08,1.0,Education,Startup,South America,partial
9.96,4.08,Logistics,SME,Asia,partial
8.28,14.48,Logistics,SME,Asia,pilot
9.17,0.53,Technology,SME,North America,none
5.83,0.84,Technology,SME,Europe,pilot
7.01,-5.0,Logistics,SME,Asia,pilot
11.12,-1.5,Logistics,SME,Asia,partial
11.88,-5.0,Agriculture,Enterprise,Europe,pilot
13.81,12.57,Healthcare,Enterprise,Oceania,partial
11.47,1.08,Finance,Startup,Asia,pilot
9.86,2.6,Agriculture,SME,Asia,pilot
10.98,7.18,Education,Startup,Oceania,partial
3.54,-5.0,Manufacturing,Enterprise,Europe,pilot
12.9,10.66,Technology,Enterprise,Asia,partial
11.13,11.75,Education,Startup,Asia,partial
8.07,6.15,Retail,Enterprise,Asia,partial
11.95,7.1,Agriculture,SME,Europe,pilot
6.84,5.11,Healthcare,Startup,South America,pilot
4.82,11.06,Education,Startup,Asia,pilot
3.16,7.78,Healthcare,SME,Europe,pilot
14.39,9.93,Technology,SME,Europe,partial
10.59,-1.65,Manufacturing,SME,Europe,partial
14.48,8.99,Retail,Enterprise,Asia,partial
4.42,-3.95,Healthcare,SME,Asia,pilot
5.89,10.66,Manufacturing,Enterprise,Oceania,pilot
4.21,7.19,Consulting,SME,Asia,pilot
5.61,5.63,Retail,SME,Asia,pilot
9.41,-1.81,Consulting,Startup,South America,partial
15.38,3.6,Logistics,Enterprise,South America,partial
7.47,-2.65,Agriculture,Startup,Europe,pilot
4.87,-1.57,Finance,Startup,Africa,none
18.3,16.2,Technology,Enterprise,Africa,partial
11.06,13.83,Technology,SME,Europe,partial
10.24,7.45,Retail,Enterprise,Europe,partial
11.65,7.92,Healthcare,Enterprise,Europe,partial
13.06,-2.9,Technology,SME,Oceania,partial
3.48,-5.0,Agriculture,SME,South America,pilot
17.55,12.84,Finance,Enterprise,Africa,partial
3.02,4.46,Finance,Startup,Asia,pilot
16.48,8.0,Finance,SME,North America,partial
8.44,13.66,Education,Enterprise,South America,partial
4.95,-5.0,Logistics,Startup,Europe,partial
7.98,8.32,Education,SME,Oceania,pilot
8.43,4.12,Education,Startup,Oceania,pilot
10.58,6.0,Education,Startup,Africa,partial
9.39,0.64,Retail,Startup,Africa,partial
9.63,-3.88,Education,Startup,Asia,pilot
9.82,4.42,Retail,SME,Oceania,pilot
11.8,0.83,Technology,Startup,Africa,pilot
9.76,5.7,Technology,Startup,Europe,partial
11.63,2.03,Education,SME,Africa,partial
14.24,-0.95,Retail,Enterprise,Asia,partial
9.47,9.25,Education,Enterprise,Oceania,pilot
16.06,7.28,Education,SME,Europe,partial
1.82,0.09,Education,Startup,Europe,pilot
16.64,11.52,Agriculture,Enterprise,Europe,partial
4.39,7.34,Education,Startup,South America,pilot
10.77,-0.94,Technology,Startup,North America,partial
11.84,12.69,Manufacturing,SME,Europe,partial
9.17,5.95,Technology,Startup,Africa,pilot
6.87,0.12,Agriculture,SME,North America,partial
5.81,-1.29,Finance,Enterprise,Asia,pilot
12.17,9.55,Manufacturing,SME,Asia,partial
9.66,-4.05,Healthcare,SME,Asia,pilot
6.18,7.72,Manufacturing,Startup,Europe,pilot
5.98,6.47,Logistics,SME,North America,pilot
12.25,9.57,Agriculture,SME,Oceania,partial
15.24,4.5,Retail,Enterprise,Africa,partial
4.17,-3.43,Education,Startup,Europe,pilot
3.06,-0.24,Healthcare,SME,South America,pilot
9.1,3.0,Consulting,Startup,Africa,partial
13.4,3.49,Technology,Enterprise,Africa,partial
10.52,-1.58,Finance,SME,South America,partial
8.88,0.31,Manufacturing,SME,Africa,pilot
6.95,2.57,Education,Enterprise,Africa,pilot
5.92,-3.94,Manufacturing,Enterprise,Europe,pilot
0.0,-0.38,Manufacturing,Startup,Oceania,none
8.41,4.07,Manufacturing,SME,South America,pilot
2.69,1.52,Retail,Startup,Africa,pilot
11.68,6.25,Consulting,SME,South America,partial
7.38,-1.06,Education,Startup,Asia,partial
13.01,16.32,Manufacturing,Enterprise,Africa,partial
12.67,4.63,Finance,Enterprise,Oceania,partial
7.97,8.28,Retail,Enterprise,Oceania,partial
8.89,-0.09,Technology,Startup,Europe,pilot
9.8,-0.66,Manufacturing,Startup,Europe,partial
6.2,2.35,Retail,SME,Europe,pilot
11.49,4.76,Technology,SME,Europe,partial
13.14,11.05,Healthcare,Enterprise,South America,partial
5.78,12.42,Education,SME,Asia,pilot
8.41,3.43,Consulting,SME,Africa,partial
7.75,6.04,Education,Enterprise,South America,pilot
9.98,3.72,Finance,Startup,Europe,partial
11.59,17.47,Consulting,SME,Europe,partial
14.61,13.7,Healthcare,Startup,Asia,partial
13.36,12.36,Technology,SME,Asia,partial
11.44,11.61,Agriculture,SME,Asia,partial
10.31,8.15,Technology,Startup,Africa,partial
18.71,13.13,Manufacturing,SME,Oceania,partial
5.98,-4.18,Agriculture,SME,South America,pilot
5.56,15.13,Technology,Enterprise,Africa,partial
9.38,5.35,Logistics,Enterprise,Africa,pilot
15.93,6.73,Consulting,SME,Europe,partial
14.18,4.15,Technology,SME,North America,partial
8.37,2.24,Agriculture,SME,Europe,pilot
6.07,7.74,Logistics,Startup,Europe,pilot
9.29,1.86,Healthcare,Startup,Asia,pilot
9.52,1.07,Consulting,SME,Asia,partial
8.66,7.1,Healthcare,Enterprise,Africa,pilot
14.54,5.23,Finance,Startup,Africa,pilot
11.3,-1.23,Consulting,SME,Asia,partial
7.99,11.81,Finance,SME,Asia,pilot
3.82,-5.0,Retail,Startup,Asia,pilot
11.46,13.8,Education,SME,Europe,partial
6.52,-1.95,Agriculture,Startup,Europe,pilot
14.71,12.61,Logistics,SME,Asia,partial
1.25,1.65,Agriculture,SME,Asia,pilot
10.89,2.44,Healthcare,Startup,Asia,pilot
5.98,1.76,Education,Startup,Europe,partial
10.59,2.1,Technology,SME,Europe,partial
11.67,1.78,Manufacturing,SME,Europe,partial
9.16,-3.75,Consulting,Startup,Asia,partial
8.84,8.77,Technology,Startup,Oceania,pilot
7.9,14.11,Consulting,Startup,Europe,partial
6.15,10.31,Healthcare,Startup,Asia,pilot
12.34,17.64,Consulting,SME,Asia,partial
3.65,-0.66,Agriculture,Startup,Asia,none
13.62,11.27,Technology,SME,South America,partial
6.59,-2.65,Healthcare,SME,Africa,none
9.3,5.34,Finance,SME,South America,partial
5.01,8.46,Technology,Enterprise,Africa,pilot
11.7,10.86,Consulting,SME,North America,pilot
3.23,5.71,Logistics,SME,Oceania,pilot
1.39,2.39,Education,Startup,Asia,pilot
7.16,-5.0,Education,Startup,Africa,pilot
10.12,-5.0,Technology,SME,Africa,pilot
7.58,2.15,Retail,Enterprise,North America,partial
12.91,11.8,Healthcare,Startup,Asia,partial
11.4,5.04,Healthcare,Enterprise,Africa,pilot
8.06,6.27,Logistics,SME,Africa,pilot
7.22,3.08,Finance,Startup,Africa,pilot
5.36,15.42,Agriculture,SME,Oceania,pilot
14.11,0.64,Technology,SME,Asia,partial
5.11,-4.53,Technology,Startup,Africa,partial
9.2,0.53,Retail,Enterprise,Asia,partial
6.36,3.0,Education,SME,Europe,pilot
13.73,3.53,Technology,Startup,South America,partial
7.27,8.94,Logistics,Enterprise,Asia,pilot
10.4,4.65,Manufacturing,SME,Africa,partial
7.3,-3.46,Education,Startup,Asia,pilot
5.42,7.05,Retail,SME,Europe,pilot
7.38,-2.62,Finance,Enterprise,South America,pilot
9.01,2.4,Agriculture,Startup,Asia,partial
8.5,5.35,Consulting,SME,Asia,pilot
12.76,7.61,Finance,Startup,South America,partial
10.12,-1.88,Agriculture,SME,Oceania,pilot
10.41,-0.24,Healthcare,Enterprise,Europe,pilot
9.5,-2.29,Consulting,SME,Europe,pilot
14.35,-1.13,Manufacturing,Enterprise,Oceania,partial
14.82,9.67,Healthcare,Enterprise,Europe,partial
13.9,3.16,Retail,Startup,Oceania,partial
11.18,9.92,Manufacturing,SME,Africa,pilot
14.24,6.55,Education,SME,Europe,partial
10.86,14.02,Agriculture,Enterprise,Europe,pilot
11.97,10.81,Education,SME,Africa,partial
8.07,5.46,Logistics,Enterprise,Africa,partial
13.46,3.12,Consulting,Startup,Asia,partial
11.71,3.59,Education,Startup,Europe,partial
5.63,-3.67,Logistics,SME,Africa,pilot
13.96,1.39,Technology,Startup,Oceania,partial
10.43,-0.8,Healthcare,Startup,Europe,partial
7.41,6.51,Finance,Enterprise,Europe,pilot
17.79,4.13,Technology,Enterprise,South America,partial
6.89,-5.0,Education,Startup,South America,pilot
12.05,9.42,Agriculture,Enterprise,South America,partial
8.82,0.04,Retail,SME,Africa,pilot
8.0,9.24,Manufacturing,Startup,Europe,pilot
10.01,5.59,Education,Startup,Asia,pilot
8.53,-1.56,Technology,Startup,Europe,partial
9.97,3.71,Finance,SME,Europe,partial
6.83,-0.48,Logistics,Startup,South America,partial
12.01,5.0,Healthcare,SME,Asia,partial
10.87,2.48,Agriculture,Enterprise,South America,partial
5.93,-1.26,Finance,SME,South America,pilot
3.77,-0.26,Healthcare,SME,South America,pilot
10.6,7.85,Education,SME,South America,partial
1.61,10.03,Healthcare,SME,South America,pilot
9.52,-3.34,Technology,SME,North America,pilot
10.19,8.8,Manufacturing,Startup,Europe,partial
13.31,12.67,Technology,Startup,Asia,full
7.93,9.19,Consulting,Startup,South America,pilot
11.69,3.44,Consulting,Enterprise,Europe,partial
11.9,12.67,Finance,Enterprise,Europe,partial
3.51,2.91,Manufacturing,Startup,Africa,pilot
10.21,1.05,Manufacturing,Enterprise,Europe,partial
9.86,11.78,Technology,Startup,North America,pilot
2.64,7.67,Agriculture,Startup,Africa,pilot
10.6,19.87,Technology,Startup,Africa,pilot
16.64,2.35,Logistics,SME,South America,partial
11.97,-2.94,Technology,Enterprise,Europe,pilot
10.6,5.93,Technology,SME,Asia,partial
4.23,2.83,Finance,SME,Asia,pilot
8.91,12.68,Agriculture,SME,Asia,partial
9.7,7.19,Education,Enterprise,Africa,partial
4.45,-4.01,Technology,SME,Africa,pilot
11.86,1.03,Finance,Startup,Europe,partial
8.78,2.88,Healthcare,Startup,Asia,partial
7.17,7.05,Retail,Startup,Europe,partial
7.49,10.75,Education,SME,Asia,pilot
8.87,8.62,Consulting,SME,Asia,pilot
15.46,7.39,Manufacturing,SME,South America,partial
5.7,8.93,Healthcare,SME,Asia,pilot
7.73,-5.0,Technology,Startup,Asia,pilot
10.47,9.02,Education,SME,North America,partial
5.75,6.02,Consulting,Startup,Europe,pilot
10.66,4.19,Consulting,Enterprise,Europe,partial
13.97,11.96,Technology,Startup,Africa,partial
10.7,7.6,Healthcare,Enterprise,Europe,partial
12.67,7.75,Consulting,Startup,Europe,partial
6.4,-0.37,Agriculture,Startup,South America,pilot
8.99,6.75,Logistics,SME,Europe,partial
10.59,8.68,Technology,SME,Asia,pilot
13.13,4.33,Logistics,Enterprise,South America,partial
3.54,-1.9,Manufacturing,Startup,Europe,partial
9.45,0.96,Technology,Startup,Asia,pilot
14.04,0.49,Logistics,SME,Asia,pilot
7.01,3.09,Consulting,Startup,Europe,pilot
5.81,-5.0,Healthcare,Startup,Oceania,pilot
12.51,10.26,Technology,Startup,Europe,partial
2.69,-0.06,Logistics,SME,Asia,pilot
13.67,9.51,Agriculture,Enterprise,Asia,partial
1.6,-1.71,Retail,Startup,Africa,pilot
9.94,9.75,Finance,Startup,Europe,pilot
12.19,12.62,Healthcare,Enterprise,Europe,partial
4.25,2.19,Manufacturing,SME,Europe,pilot
13.07,5.72,Finance,SME,North America,partial
6.06,9.53,Retail,Startup,Europe,partial
1.75,1.22,Manufacturing,SME,Europe,pilot
10.75,5.51,Healthcare,Startup,Asia,partial
15.53,10.62,Manufacturing,Enterprise,Africa,partial
9.05,14.51,Technology,SME,Asia,pilot
7.86,5.21,Education,SME,Europe,pilot
7.62,3.69,Manufacturing,Startup,North America,partial
5.5,6.89,Consulting,SME,Europe,partial
9.26,-2.97,Retail,Enterprise,Asia,partial
4.4,2.45,Finance,Startup,South America,none
15.49,-1.14,Finance,SME,Europe,partial
8.99,3.96,Healthcare,Startup,North America,pilot
5.92,-0.1,Technology,SME,Africa,pilot
17.63,5.72,Education,SME,Asia,partial
7.53,0.68,Finance,SME,Africa,partial
6.48,9.23,Manufacturing,Startup,Asia,partial
7.64,5.45,Consulting,SME,South America,pilot
8.5,7.93,Technology,Startup,Europe,pilot
3.95,3.38,Agriculture,SME,North America,pilot
4.59,-5.0,Retail,SME,Europe,pilot
10.31,5.53,Agriculture,Startup,Europe,partial
6.43,-5.0,Education,SME,Africa,pilot
7.79,3.51,Consulting,SME,Asia,partial
8.79,-0.71,Technology,Startup,Europe,pilot
8.76,-5.0,Manufacturing,Startup,South America,pilot
6.46,-4.03,Agriculture,SME,Europe,pilot
11.66,12.47,Finance,Enterprise,Asia,partial
6.38,1.88,Healthcare,Startup,Africa,partial
8.9,16.74,Logistics,SME,Europe,partial
13.71,3.67,Technology,Enterprise,South America,partial
12.64,6.67,Finance,Startup,Asia,full
9.43,11.43,Consulting,Enterprise,Africa,pilot
9.1,0.73,Finance,SME,Asia,pilot
9.73,8.86,Healthcare,SME,Oceania,pilot
6.27,-1.71,Consulting,SME,Asia,pilot
8.76,1.97,Healthcare,SME,Oceania,pilot
11.76,7.72,Finance,SME,Asia,partial
5.58,6.13,Retail,SME,South America,none
15.35,13.61,Logistics,Enterprise,Asia,partial
11.7,3.95,Healthcare,SME,Africa,partial
6.27,3.01,Consulting,SME,Asia,pilot
10.55,1.97,Finance,SME,Asia,partial
10.73,3.1,Consulting,Enterprise,South America,partial
3.65,-0.45,Healthcare,Startup,Asia,pilot
5.19,7.12,Retail,SME,Asia,pilot
9.84,5.84,Finance,Startup,Asia,partial
6.11,2.32,Education,SME,Asia,pilot
9.63,0.7,Healthcare,Startup,Europe,partial
9.74,0.2,Logistics,Startup,Europe,pilot
20.1,10.16,Technology,SME,North America,partial
6.57,5.45,Healthcare,Startup,Asia,pilot
16.64,13.65,Technology,SME,South America,partial
9.64,2.73,Finance,Startup,Europe,partial
14.3,0.43,Retail,Startup,North America,partial
9.18,14.15,Healthcare,Enterprise,Europe,pilot
9.42,1.23,Agriculture,SME,South America,partial
12.64,8.28,Agriculture,Enterprise,South America,partial
11.87,6.18,Manufacturing,SME,Europe,partial
13.52,12.75,Consulting,Enterprise,Europe,partial
14.46,5.41,Consulting,SME,Asia,partial
7.35,2.11,Agriculture,SME,Asia,pilot
17.44,10.49,Finance,Enterprise,South America,partial
11.29,15.25,Manufacturing,Enterprise,Oceania,partial
7.89,4.98,Technology,SME,North America,partial
4.52,-2.56,Technology,Startup,Africa,pilot
11.77,8.24,Finance,Enterprise,Africa,partial
11.11,7.01,Manufacturing,SME,Europe,partial
4.81,4.31,Retail,SME,Asia,pilot
10.5,2.36,Agriculture,Enterprise,North America,pilot
4.26,4.44,Agriculture,SME,Africa,pilot
6.98,11.99,Healthcare,Startup,Asia,partial
7.66,4.84,Agriculture,Startup,Europe,pilot
6.9,-2.3,Healthcare,SME,Asia,pilot
10.85,1.89,Finance,SME,Europe,pilot
3.4,4.72,Agriculture,Startup,Asia,pilot
13.13,4.67,Finance,SME,North America,partial
9.13,-3.09,Manufacturing,SME,Africa,pilot
6.24,4.1,Agriculture,SME,Africa,pilot
8.11,2.69,Healthcare,SME,Europe,pilot
3.59,-0.98,Education,SME,Europe,none
15.19,1.57,Finance,SME,Europe,partial
12.47,10.64,Finance,SME,Asia,partial
8.49,-2.05,Healthcare,Startup,Africa,pilot
10.18,8.05,Agriculture,Startup,Europe,partial
11.26,9.02,Retail,Enterprise,Europe,partial
14.62,11.94,Technology,Enterprise,Africa,partial
13.28,7.01,Education,Startup,Europe,partial
5.54,-2.68,Retail,Enterprise,Europe,pilot
13.23,4.31,Technology,SME,Asia,partial
5.36,4.76,Healthcare,SME,Asia,pilot
3.72,-2.93,Retail,SME,Europe,pilot
6.53,7.41,Agriculture,Startup,South America,pilot
6.0,2.65,Healthcare,Startup,Europe,partial
12.0,2.53,Agriculture,Startup,South America,partial
12.39,12.11,Technology,Enterprise,Asia,partial
9.53,13.7,Retail,Startup,Europe,partial
9.43,-1.54,Consulting,SME,Asia,pilot
9.15,12.68,Education,Startup,Oceania,partial
9.93,13.31,Education,SME,Asia,partial
8.37,5.31,Finance,Startup,Europe,pilot
6.17,-3.9,Education,Startup,Europe,pilot
18.95,5.13,Technology,Enterprise,Asia,partial
10.85,12.66,Agriculture,Startup,Europe,partial
14.33,4.68,Healthcare,Enterprise,Asia,partial
10.85,6.11,Technology,Startup,Oceania,pilot
18.05,0.23,Technology,Enterprise,North America,partial
12.67,-4.68,Finance,SME,Europe,partial
8.62,1.34,Education,SME,Europe,pilot
2.23,-0.61,Finance,Startup,South America,pilot
11.97,7.39,Healthcare,SME,South America,partial
7.62,-3.7,Education,Startup,Oceania,pilot
12.26,8.38,Retail,Startup,Oceania,partial
9.53,-3.24,Retail,Startup,Asia,pilot
2.03,4.61,Retail,Startup,Europe,none
5.31,1.94,Manufacturing,Startup,Africa,pilot
8.8,0.37,Finance,SME,Asia,pilot
13.2,13.84,Technology,SME,South America,partial
5.56,-0.47,Retail,SME,Africa,none
8.84,11.0,Retail,Startup,Europe,partial
8.74,5.94,Agriculture,Enterprise,Africa,partial
10.04,11.01,Agriculture,SME,South America,pilot
10.67,4.13,Agriculture,Startup,Europe,pilot
9.22,1.36,Technology,SME,Asia,pilot
3.55,8.73,Consulting,SME,Europe,pilot
0.79,-0.16,Healthcare,Startup,South America,pilot
10.94,9.2,Finance,Enterprise,Asia,pilot
8.96,9.53,Education,Enterprise,Europe,partial
1.99,-0.13,Healthcare,Startup,Africa,pilot
11.72,6.62,Technology,Startup,Europe,partial
7.88,2.11,Education,Startup,South America,partial
6.25,8.46,Technology,Enterprise,Asia,pilot
7.13,-1.95,Education,Startup,Asia,pilot
6.14,-1.68,Agriculture,SME,Oceania,pilot
15.6,-0.4,Technology,SME,North America,partial
7.83,-2.17,Technology,SME,Europe,pilot
7.2,2.1,Finance,Enterprise,Europe,pilot
7.96,-3.3,Finance,SME,Asia,pilot
12.87,3.64,Logistics,Enterprise,Asia,partial
8.25,-2.89,Manufacturing,Startup,Oceania,pilot
15.86,10.16,Finance,Enterprise,Europe,partial
8.74,-5.0,Finance,SME,Asia,partial
9.34,7.66,Technology,SME,Africa,pilot
9.72,-5.0,Technology,SME,Asia,pilot
3.57,-4.23,Finance,SME,Asia,pilot
9.73,-5.0,Technology,SME,Asia,partial
9.7,-5.0,Technology,SME,Asia,pilot
12.31,12.86,Consulting,Enterprise,Europe,partial
16.54,5.74,Retail,Enterprise,Asia,partial
15.55,18.03,Retail,Startup,Asia,partial
7.36,11.15,Technology,SME,Africa,pilot
9.0,3.51,Technology,Startup,Europe,pilot
13.53,2.33,Education,SME,Asia,partial
9.2,-3.94,Finance,SME,South America,partial
12.68,8.22,Manufacturing,Enterprise,Africa,partial
18.4,8.64,Technology,Enterprise,South America,partial
11.81,3.23,Technology,Startup,Oceania,partial
9.34,7.38,Retail,SME,Africa,pilot
9.9,0.67,Consulting,SME,Africa,pilot
11.01,11.16,Finance,Startup,Asia,partial
15.59,1.75,Logistics,SME,Europe,partial
5.78,-5.0,Finance,Enterprise,Africa,pilot
15.32,8.65,Manufacturing,Enterprise,Africa,partial
4.36,1.23,Manufacturing,Startup,Europe,pilot
5.04,7.58,Logistics,Startup,Europe,pilot
6.53,6.67,Agriculture,SME,Europe,partial
1.08,0.54,Retail,SME,Asia,none
2.96,13.28,Manufacturing,SME,Europe,pilot
10.38,3.71,Education,SME,North America,partial
8.54,2.88,Technology,SME,Oceania,pilot
13.0,11.23,Technology,Enterprise,Asia,partial
7.89,7.14,Technology,SME,Africa,partial
11.36,-0.58,Education,Startup,Asia,partial
13.07,5.91,Agriculture,Startup,Europe,partial
9.47,-3.79,Retail,SME,South America,partial
12.48,-2.47,Technology,Enterprise,North America,partial
8.84,5.22,Education,SME,Europe,partial
15.88,4.44,Logistics,Enterprise,Europe,partial
9.93,17.7,Consulting,SME,Africa,partial
4.37,6.26,Logistics,SME,Asia,partial
5.62,-3.61,Education,Startup,Europe,pilot
8.44,7.51,Education,SME,Europe,pilot
7.46,2.56,Finance,Enterprise,Europe,partial
13.42,7.78,Logistics,Enterprise,Asia,partial
6.59,1.54,Healthcare,SME,Africa,partial
14.65,2.52,Technology,Startup,South America,partial
11.93,10.27,Technology,Enterprise,Europe,partial
4.97,5.16,Agriculture,Startup,Asia,pilot
6.38,-3.75,Retail,Startup,North America,partial
10.17,7.27,Consulting,SME,Europe,partial
9.09,6.13,Finance,SME,Europe,pilot
7.02,2.32,Manufacturing,SME,South America,pilot
4.33,5.43,Agriculture,Enterprise,South America,partial
7.79,5.38,Education,Startup,South America,pilot
10.4,4.13,Education,SME,Europe,pilot
5.18,4.91,Manufacturing,Startup,North America,pilot
8.08,-0.94,Manufacturing,SME,Asia,pilot
9.74,11.81,Consulting,Startup,Asia,partial
9.88,-1.21,Technology,SME,Asia,pilot
11.59,1.63,Consulting,Enterprise,Asia,pilot
13.28,9.69,Manufacturing,Startup,Asia,partial
9.41,-3.32,Technology,Startup,Asia,pilot
7.12,2.67,Technology,Startup,Asia,pilot
7.3,6.95,Education,SME,Africa,pilot
8.28,5.06,Manufacturing,Startup,Asia,pilot
8.38,1.71,Finance,SME,Asia,partial
7.72,2.65,Logistics,SME,Asia,pilot
4.55,-5.0,Healthcare,Startup,Asia,pilot
3.19,4.22,Consulting,SME,Asia,pilot
7.28,-2.52,Consulting,Startup,Asia,pilot
13.49,1.69,Technology,SME,Africa,partial
14.95,2.29,Technology,Enterprise,South America,partial
9.39,8.27,Retail,Startup,Europe,partial
12.61,11.3,Technology,Startup,Oceania,partial
6.7,-1.42,Manufacturing,SME,Asia,pilot
16.77,13.91,Agriculture,Enterprise,Oceania,partial
9.67,5.7,Technology,Startup,Asia,partial
7.49,5.56,Healthcare,Enterprise,Europe,pilot
17.71,9.69,Healthcare,SME,Europe,full
8.18,8.48,Technology,SME,North America,pilot
3.46,2.66,Healthcare,Startup,South America,pilot
12.93,1.34,Logistics,Enterprise,Asia,partial
7.1,4.76,Retail,Enterprise,Africa,pilot
12.99,-5.0,Logistics,SME,Asia,partial
7.1,16.36,Logistics,SME,Europe,pilot
10.62,3.3,Healthcare,Startup,Africa,pilot
10.27,5.13,Finance,Startup,Asia,pilot
7.6,-1.13,Manufacturing,SME,Africa,pilot
9.18,1.89,Technology,SME,Africa,partial
3.74,3.03,Finance,Startup,Europe,pilot
11.93,9.5,Education,Startup,Asia,partial
5.98,8.49,Agriculture,SME,Asia,partial
12.69,6.7,Consulting,SME,North America,partial
11.91,1.96,Agriculture,Startup,Oceania,partial
4.16,6.88,Agriculture,SME,Africa,none
6.43,7.86,Education,SME,Europe,pilot
8.55,14.66,Agriculture,SME,Africa,partial
17.25,8.9,Technology,SME,Europe,partial
10.29,-0.12,Healthcare,Enterprise,Europe,partial
7.14,-1.06,Consulting,SME,Oceania,pilot
10.43,10.38,Finance,Startup,Asia,pilot
8.76,5.44,Finance,SME,South America,partial
9.87,4.3,Technology,Enterprise,South America,pilot
5.9,-0.76,Logistics,Enterprise,Africa,pilot
11.94,3.12,Manufacturing,Startup,Asia,partial
13.7,11.45,Technology,SME,Asia,partial
9.1,11.99,Consulting,Startup,Asia,pilot
0.83,0.11,Manufacturing,SME,Africa,pilot
10.66,4.23,Consulting,Startup,Asia,partial
12.21,-3.04,Technology,SME,South America,partial
10.62,8.87,Healthcare,Enterprise,Europe,partial
5.55,21.73,Agriculture,Startup,Asia,pilot
11.82,9.7,Logistics,SME,Asia,partial
2.81,2.77,Manufacturing,Startup,North America,none
7.49,3.1,Logistics,SME,Africa,pilot
12.76,-1.04,Consulting,SME,Africa,partial
10.11,9.3,Finance,Enterprise,Asia,partial
7.61,-0.83,Healthcare,Startup,Europe,pilot
11.84,10.95,Healthcare,SME,North America,pilot
5.62,7.04,Finance,Startup,Europe,pilot
3.34,6.37,Manufacturing,Enterprise,Asia,pilot
8.56,1.87,Education,SME,Africa,partial
6.74,1.18,Finance,SME,Europe,partial
16.73,14.55,Logistics,Startup,Europe,full
9.29,14.54,Manufacturing,Startup,Asia,partial
15.04,5.88,Manufacturing,SME,North America,partial
17.2,9.0,Technology,SME,South America,partial
7.42,-4.77,Agriculture,SME,Asia,pilot
10.95,5.7,Retail,SME,South America,pilot
13.67,15.6,Manufacturing,Enterprise,Asia,partial
4.26,7.11,Logistics,Startup,Oceania,pilot
11.01,10.6,Healthcare,Startup,Asia,partial
10.17,3.92,Retail,Startup,Africa,partial
0.64,2.13,Consulting,SME,Asia,none
9.7,0.42,Finance,Enterprise,Europe,partial
12.88,8.93,Logistics,SME,Asia,partial
10.88,1.24,Retail,Enterprise,Europe,partial
17.09,15.77,Technology,SME,Asia,partial
6.95,6.35,Manufacturing,Startup,Europe,partial
12.64,5.77,Finance,Startup,Oceania,partial
14.12,12.77,Technology,SME,Africa,partial
10.38,11.98,Consulting,SME,Europe,partial
12.39,10.33,Manufacturing,SME,Asia,partial
7.78,4.51,Education,SME,Asia,pilot
6.7,-2.93,Manufacturing,SME,Asia,pilot
5.0,-4.54,Manufacturing,SME,Europe,pilot
9.67,5.62,Education,Enterprise,Asia,partial
11.14,1.64,Consulting,Startup,Asia,partial
8.97,8.0,Agriculture,SME,Europe,pilot
4.68,6.11,Healthcare,Startup,North America,pilot
7.26,9.88,Consulting,SME,Asia,pilot
9.83,1.16,Technology,SME,Europe,pilot
6.75,11.63,Consulting,Enterprise,Africa,pilot
7.09,1.27,Logistics,SME,Asia,partial
8.28,-0.67,Finance,Startup,Europe,pilot
19.12,7.28,Technology,Enterprise,Europe,partial
13.38,11.39,Manufacturing,Enterprise,South America,partial
12.58,0.25,Agriculture,SME,Asia,partial
2.98,7.51,Finance,Enterprise,Europe,pilot
17.61,17.6,Education,Enterprise,Europe,partial
13.63,12.36,Agriculture,Enterprise,Asia,partial
5.72,2.71,Consulting,Startup,Asia,pilot
6.1,6.46,Consulting,SME,North America,pilot
10.61,6.25,Consulting,Enterprise,Europe,partial
5.22,6.71,Finance,Startup,North America,pilot
6.34,7.45,Consulting,SME,Europe,partial
14.58,11.36,Finance,Startup,North America,partial
4.8,-2.57,Agriculture,Startup,Asia,pilot
14.19,0.95,Logistics,Enterprise,Asia,partial
6.02,-5.0,Consulting,SME,Europe,none
10.6,11.42,Technology,Enterprise,South America,pilot
11.75,1.54,Healthcare,Enterprise,Asia,partial
8.88,-0.62,Logistics,SME,South America,partial
10.94,-0.3,Finance,SME,Oceania,partial
18.01,5.77,Finance,Enterprise,Africa,partial
7.0,3.48,Healthcare,SME,Asia,pilot
13.09,11.27,Finance,SME,North America,partial
8.19,7.89,Manufacturing,SME,Asia,partial
5.44,7.15,Finance,Startup,Europe,pilot
9.69,3.23,Agriculture,Startup,Europe,partial
11.77,7.31,Education,Startup,South America,pilot
6.15,2.13,Manufacturing,SME,Asia,pilot
9.82,2.43,Retail,Enterprise,South America,partial
12.67,4.62,Agriculture,Startup,Oceania,partial
6.66,0.81,Healthcare,Startup,Asia,pilot
10.83,11.01,Finance,Startup,Asia,partial
17.07,10.46,Healthcare,Enterprise,Africa,partial
13.74,6.87,Manufacturing,Enterprise,Asia,partial
8.27,5.94,Healthcare,Startup,Asia,pilot
12.08,9.06,Agriculture,Startup,South America,partial
3.12,8.3,Healthcare,Startup,Oceania,pilot
9.95,4.25,Healthcare,Startup,Africa,pilot
1.91,-2.56,Healthcare,Startup,Asia,pilot
12.31,16.28,Healthcare,SME,Africa,partial
13.25,7.24,Technology,Enterprise,Asia,partial
15.11,2.51,Technology,Startup,Europe,partial
16.6,3.68,Manufacturing,SME,Africa,partial
13.6,7.15,Education,Enterprise,Asia,partial
2.14,-5.0,Logistics,Startup,North America,pilot
11.87,8.17,Technology,Startup,Asia,partial
10.75,11.3,Agriculture,SME,Asia,partial
13.95,11.56,Agriculture,Startup,Africa,partial
12.84,11.71,Education,SME,Asia,partial
6.18,6.48,Consulting,Startup,South America,partial
13.97,6.24,Technology,SME,South America,partial
10.54,11.42,Finance,SME,Europe,partial
9.83,0.13,Education,Enterprise,Europe,pilot
2.28,-0.76,Manufacturing,SME,Africa,pilot
12.98,18.06,Finance,Enterprise,Europe,partial
7.7,14.54,Education,Enterprise,Europe,pilot
5.5,1.23,Agriculture,Startup,North America,partial
10.35,9.81,Agriculture,SME,Africa,partial
9.63,2.01,Education,Enterprise,North America,partial
7.34,3.76,Healthcare,SME,Asia,pilot
3.3,4.38,Technology,SME,Europe,pilot
16.38,7.15,Technology,SME,Oceania,partial
4.21,4.71,Manufacturing,SME,Asia,none
4.52,-1.87,Finance,Startup,Europe,pilot
15.98,5.93,Education,Startup,South America,partial
7.08,10.85,Logistics,Startup,Europe,partial
10.7,12.37,Agriculture,SME,Africa,pilot
13.9,10.98,Consulting,Enterprise,Africa,partial
9.34,4.9,Finance,Enterprise,North America,partial
13.86,-2.2,Agriculture,SME,Europe,partial
14.21,5.52,Technology,Startup,Asia,full
7.55,14.5,Consulting,Startup,South America,partial
7.64,4.26,Manufacturing,Startup,Europe,partial
7.9,0.85,Logistics,SME,Africa,pilot
10.66,-5.0,Healthcare,SME,Asia,pilot
7.42,13.87,Manufacturing,Startup,Asia,pilot
12.65,8.75,Education,Enterprise,South America,partial
3.22,4.27,Finance,SME,Asia,pilot
14.38,0.45,Manufacturing,Startup,Europe,partial
8.2,0.82,Consulting,Startup,Asia,pilot
10.68,-2.82,Healthcare,SME,Asia,partial
7.85,3.21,Manufacturing,SME,South America,pilot
7.24,3.72,Technology,SME,Asia,pilot
6.64,2.35,Finance,Startup,South America,partial
11.15,-1.74,Consulting,Startup,South America,partial
6.51,5.22,Manufacturing,Startup,Asia,partial
16.54,2.77,Technology,Startup,Europe,partial
12.53,-5.0,Agriculture,Enterprise,Oceania,partial
3.26,5.91,Finance,Startup,Asia,pilot
6.35,3.62,Agriculture,Startup,Asia,pilot
9.28,5.97,Education,SME,Europe,pilot
12.08,2.69,Finance,SME,Europe,pilot
9.21,5.04,Finance,SME,Asia,pilot
9.96,5.44,Agriculture,Enterprise,North America,pilot
12.5,11.15,Manufacturing,Enterprise,Europe,partial
14.51,7.48,Technology,Enterprise,Asia,partial
9.94,-1.89,Education,Enterprise,Asia,partial
3.67,8.01,Education,Enterprise,Asia,pilot
20.15,10.59,Technology,SME,Europe,partial
5.96,1.7,Healthcare,Startup,South America,partial
8.43,5.5,Finance,SME,Africa,pilot
5.45,9.19,Healthcare,SME,Asia,pilot
5.07,-2.22,Education,Enterprise,South America,pilot
5.17,5.4,Retail,Startup,South America,pilot
4.36,0.62,Logistics,Startup,North America,pilot
3.16,13.13,Retail,SME,Asia,partial
11.77,11.19,Manufacturing,Startup,Asia,partial
9.74,11.74,Healthcare,Startup,Asia,partial
9.94,2.14,Consulting,SME,Asia,pilot
9.54,4.87,Logistics,Startup,Asia,partial
5.41,6.29,Logistics,Startup,Europe,none
11.68,6.59,Healthcare,Startup,Europe,partial
9.46,12.05,Manufacturing,Startup,Europe,partial
19.07,10.19,Education,Enterprise,Asia,partial
1.01,-3.8,Healthcare,SME,Europe,none
6.2,4.78,Retail,Startup,Asia,pilot
5.67,-3.8,Consulting,Startup,Asia,pilot
8.96,12.43,Consulting,Startup,Europe,partial
6.27,8.41,Finance,SME,Oceania,pilot
16.67,1.89,Logistics,SME,Europe,partial
13.92,4.64,Healthcare,SME,Africa,partial
11.09,5.25,Manufacturing,SME,Africa,partial
4.74,4.66,Education,SME,Asia,pilot
5.75,5.31,Agriculture,SME,Asia,pilot
14.7,12.9,Consulting,SME,Asia,partial
10.85,5.32,Retail,Startup,Asia,partial
4.61,3.17,Retail,Startup,Asia,pilot
10.79,13.81,Agriculture,Enterprise,Oceania,partial
4.78,0.42,Logistics,Startup,Oceania,pilot
6.18,5.08,Healthcare,Startup,Asia,pilot
4.71,4.52,Agriculture,Startup,South America,pilot
10.11,3.34,Logistics,SME,Africa,pilot
9.81,10.81,Retail,SME,North America,partial
2.37,-1.34,Manufacturing,Enterprise,Europe,none
4.27,-2.79,Retail,SME,Asia,pilot
14.24,6.63,Technology,Startup,South America,partial
10.0,2.91,Finance,SME,Asia,partial
12.3,5.12,Healthcare,Enterprise,Europe,partial
10.98,14.93,Manufacturing,Startup,North America,pilot
3.49,-2.08,Education,Startup,Africa,none
10.45,2.46,Logistics,SME,Europe,pilot
11.82,9.86,Agriculture,Enterprise,Africa,partial
9.87,4.0,Manufacturing,Enterprise,Asia,partial
4.21,-0.75,Agriculture,Startup,Asia,pilot
5.87,5.36,Manufacturing,Startup,Asia,partial
8.19,1.7,Manufacturing,Enterprise,South America,pilot
13.08,15.63,Agriculture,Enterprise,Europe,pilot
10.49,5.56,Agriculture,Startup,South America,partial
10.33,11.35,Technology,SME,Africa,partial
7.38,-1.83,Agriculture,Startup,South America,pilot
12.49,-1.04,Technology,Startup,Oceania,partial
11.33,1.82,Technology,SME,North America,partial
12.07,0.98,Agriculture,SME,Asia,partial
11.22,6.74,Agriculture,SME,South America,partial
4.01,-5.0,Manufacturing,SME,Asia,pilot
14.95,10.09,Manufacturing,Enterprise,North America,pilot
6.64,0.57,Education,Startup,Oceania,partial
7.68,12.44,Logistics,Startup,Asia,partial
12.89,0.32,Manufacturing,Enterprise,Europe,partial
8.54,19.72,Healthcare,Startup,Asia,pilot
13.43,1.64,Retail,Startup,South America,pilot
11.41,-0.89,Finance,Startup,Europe,pilot
9.39,-5.0,Manufacturing,Startup,North America,partial
4.08,4.32,Agriculture,Startup,Africa,pilot
5.8,3.33,Logistics,SME,South America,pilot
6.67,0.73,Finance,Startup,South America,pilot
11.51,10.92,Logistics,Enterprise,Europe,partial
10.49,1.09,Finance,Enterprise,South America,pilot
6.12,-5.0,Retail,SME,Europe,none
15.0,10.73,Finance,SME,Europe,partial
15.02,4.69,Education,Enterprise,Europe,partial
5.19,12.74,Manufacturing,Startup,South America,pilot
9.06,11.25,Education,SME,Asia,pilot
8.78,5.26,Finance,Startup,Europe,partial
6.93,7.73,Finance,SME,Asia,partial
8.67,-0.72,Agriculture,Startup,Europe,pilot
4.98,-3.09,Manufacturing,Startup,Asia,pilot
6.69,-2.31,Retail,SME,Africa,none
14.21,9.48,Education,Enterprise,Europe,partial
10.59,-4.17,Technology,Startup,Africa,partial
1.78,1.54,Logistics,SME,North America,partial
15.25,3.13,Technology,Enterprise,Europe,partial
6.13,9.49,Finance,Startup,South America,partial
12.43,2.44,Technology,Startup,South America,partial
16.74,12.96,Agriculture,Enterprise,Asia,partial
8.24,0.67,Logistics,Startup,Asia,partial
9.13,-2.07,Manufacturing,SME,Europe,partial
13.57,2.96,Finance,SME,South America,partial
11.47,-0.07,Finance,SME,South America,partial
11.48,4.06,Finance,SME,North America,partial
9.88,9.76,Retail,Startup,South America,pilot
16.68,10.66,Technology,Enterprise,Europe,partial
3.14,0.06,Finance,SME,Oceania,pilot
7.12,3.63,Healthcare,Startup,South America,partial
8.14,2.8,Agriculture,Enterprise,Europe,pilot
8.25,2.51,Finance,SME,Oceania,pilot
10.28,12.44,Logistics,SME,Europe,partial
6.47,2.85,Logistics,SME,South America,pilot
8.7,-4.22,Finance,SME,Asia,pilot
16.7,8.61,Finance,Enterprise,Asia,partial
10.08,1.97,Healthcare,Startup,South America,partial
6.95,-5.0,Logistics,SME,Oceania,pilot
14.57,10.68,Technology,Enterprise,Europe,partial
7.27,9.64,Retail,SME,Asia,pilot
6.98,5.33,Consulting,Enterprise,Africa,partial
17.22,5.12,Agriculture,Enterprise,Europe,pilot
6.19,0.33,Finance,SME,South America,pilot
9.37,7.14,Manufacturing,SME,Africa,pilot
20.45,1.98,Technology,Enterprise,South America,full
7.65,4.41,Manufacturing,Startup,Europe,partial
7.71,4.2,Consulting,Startup,Africa,pilot
11.83,5.63,Technology,SME,Asia,pilot
7.27,-3.19,Healthcare,Startup,Europe,none
9.36,4.14,Retail,Startup,South America,pilot
12.36,10.07,Healthcare,Startup,Asia,pilot
12.32,1.47,Manufacturing,SME,Africa,partial
8.88,5.43,Consulting,SME,Asia,partial
11.01,12.91,Technology,Startup,Asia,partial
5.12,0.86,Logistics,Startup,Africa,pilot
13.5,10.26,Technology,SME,South America,partial
8.74,3.96,Consulting,SME,Asia,partial
11.79,-4.42,Healthcare,Enterprise,South America,partial
8.2,0.73,Agriculture,SME,Asia,pilot
5.25,3.01,Manufacturing,Startup,Asia,partial
5.32,1.23,Agriculture,Startup,Africa,partial
14.35,-2.05,Consulting,Startup,Asia,pilot
11.19,6.44,Retail,Enterprise,Africa,partial
10.76,10.14,Education,Startup,Europe,pilot
4.92,4.32,Education,SME,Europe,pilot
7.36,-3.93,Logistics,SME,Oceania,pilot
6.68,-0.7,Healthcare,SME,Africa,pilot
11.25,5.59,Manufacturing,Startup,Asia,partial
9.29,3.81,Agriculture,Startup,Asia,partial
10.52,9.58,Finance,SME,Europe,partial
9.01,3.56,Technology,SME,Asia,partial
6.74,11.16,Education,SME,North America,pilot
9.84,10.09,Agriculture,SME,Europe,partial
7.7,6.19,Finance,SME,Africa,pilot
4.3,-2.49,Finance,Startup,Oceania,pilot
3.21,-5.0,Logistics,SME,Asia,pilot
8.83,15.54,Consulting,SME,Asia,partial
16.51,12.16,Finance,Enterprise,North America,partial
13.06,0.84,Retail,SME,Asia,partial
8.07,-3.76,Education,Startup,Asia,pilot
13.14,7.99,Technology,Startup,Africa,partial
11.94,14.05,Logistics,SME,South America,partial
9.38,1.19,Consulting,SME,Asia,partial
5.12,6.53,Logistics,Startup,Europe,pilot
3.87,-0.13,Retail,SME,South America,none
10.85,6.64,Education,SME,Europe,partial
13.61,10.15,Technology,Startup,Asia,partial
1.12,10.43,Education,SME,Asia,pilot
8.54,3.85,Manufacturing,SME,Africa,pilot
10.39,13.94,Retail,Startup,South America,partial
7.27,8.78,Logistics,SME,Europe,pilot
6.76,4.06,Manufacturing,SME,Europe,pilot
10.39,1.09,Retail,SME,Europe,partial
11.02,6.13,Consulting,Startup,Asia,pilot
7.06,-5.0,Healthcare,SME,Europe,pilot
11.53,6.91,Manufacturing,Startup,South America,partial
15.18,2.76,Finance,SME,Asia,partial
10.67,1.38,Healthcare,SME,Asia,pilot
9.44,7.28,Healthcare,SME,Europe,partial
4.12,-1.98,Technology,SME,North America,pilot
9.14,8.18,Finance,SME,Asia,partial
7.53,5.34,Agriculture,SME,North America,partial
6.15,-5.0,Finance,SME,Asia,pilot
11.81,-0.05,Retail,Startup,Europe,pilot
12.22,-0.08,Finance,SME,Asia,partial
9.98,8.43,Logistics,Startup,South America,partial
2.49,-4.33,Consulting,Startup,Africa,pilot
7.83,-2.67,Education,SME,Europe,pilot
13.54,8.04,Education,SME,Asia,partial
6.74,1.33,Healthcare,Startup,Africa,pilot
9.79,5.86,Finance,Startup,Europe,partial
8.39,2.01,Logistics,SME,Asia,pilot
12.03,1.89,Education,Enterprise,Europe,partial
12.82,8.18,Retail,Enterprise,Europe,partial
13.26,2.59,Manufacturing,Startup,North America,partial
8.06,7.23,Manufacturing,Enterprise,Europe,partial
8.55,5.69,Education,Startup,Asia,partial
12.89,6.43,Finance,Enterprise,South America,partial
9.32,10.76,Agriculture,SME,Oceania,partial
19.86,9.57,Technology,Enterprise,Asia,full
12.39,11.7,Retail,SME,Asia,partial
11.98,6.86,Manufacturing,Startup,South America,pilot
9.42,2.15,Finance,Startup,Europe,pilot
14.72,6.58,Agriculture,Enterprise,South America,partial
15.49,-1.45,Finance,Enterprise,Europe,partial
11.49,6.08,Education,Startup,Asia,partial
10.71,-1.3,Manufacturing,Enterprise,Asia,pilot
9.71,2.44,Healthcare,SME,Africa,partial
15.13,0.46,Technology,Startup,Oceania,partial
10.34,13.06,Education,SME,Europe,partial
8.75,5.54,Agriculture,SME,Europe,partial
8.32,7.49,Finance,SME,Europe,partial
11.2,8.31,Agriculture,Startup,Asia,partial
13.03,5.76,Finance,SME,Asia,partial
7.58,15.64,Retail,Startup,Asia,partial
18.12,9.14,Technology,Startup,Europe,partial
5.95,6.02,Agriculture,SME,Africa,pilot
1.5,-5.0,Manufacturing,Startup,Africa,pilot
11.71,7.6,Education,Enterprise,Asia,partial
0.22,-1.34,Consulting,Startup,Europe,none
10.78,17.94,Healthcare,Enterprise,North America,partial
9.74,5.1,Technology,Startup,Europe,partial
9.03,7.64,Finance,Enterprise,Africa,pilot
7.5,7.89,Healthcare,Startup,Europe,partial
8.01,11.44,Education,Startup,Oceania,partial
13.2,6.62,Agriculture,Startup,Europe,partial
12.07,2.15,Education,SME,Europe,pilot
10.11,6.75,Consulting,SME,Asia,partial
8.69,3.18,Finance,Startup,South America,partial
11.78,11.88,Technology,SME,Asia,partial
8.56,4.58,Agriculture,SME,North America,pilot
9.62,10.88,Education,Enterprise,Africa,partial
7.28,3.11,Logistics,SME,North America,pilot
3.29,-1.12,Consulting,Startup,Europe,none
9.19,2.06,Technology,Enterprise,Asia,pilot
10.17,7.37,Technology,SME,South America,pilot
7.12,11.42,Healthcare,Startup,Africa,pilot
6.71,-0.33,Retail,Enterprise,Asia,pilot
8.64,7.69,Finance,Startup,South America,partial
9.79,-4.11,Education,Enterprise,Europe,pilot
4.4,3.88,Healthcare,SME,Oceania,pilot
11.38,6.93,Manufacturing,Enterprise,Europe,partial
10.18,1.04,Finance,SME,Europe,partial
4.92,0.6,Manufacturing,Startup,North America,none
7.17,5.14,Agriculture,Startup,South America,pilot
10.16,-5.0,Healthcare,Startup,North America,pilot
8.77,-2.28,Healthcare,SME,Europe,partial
4.59,2.4,Education,Startup,Asia,pilot
2.44,1.53,Agriculture,Startup,Europe,pilot
11.32,4.86,Logistics,SME,Oceania,pilot
15.64,1.65,Technology,SME,Asia,partial
4.52,6.31,Education,Startup,Europe,pilot
12.19,10.55,Manufacturing,SME,Asia,partial
12.55,0.41,Finance,SME,South America,partial
2.44,0.61,Consulting,Startup,Asia,pilot
4.71,6.21,Logistics,SME,South America,pilot
2.96,1.09,Finance,Startup,Europe,pilot
14.0,6.39,Technology,Startup,Europe,partial
10.4,5.05,Finance,SME,Europe,pilot
9.64,3.25,Retail,Startup,Asia,pilot
12.2,6.35,Technology,Startup,Asia,pilot
9.61,-2.18,Retail,Startup,Oceania,partial
10.17,6.83,Consulting,SME,Oceania,partial
10.7,9.18,Manufacturing,Startup,Asia,partial
15.36,4.02,Manufacturing,SME,South America,partial
21.31,-4.87,Technology,Enterprise,Asia,partial
14.19,14.68,Education,Enterprise,Asia,partial
8.88,2.72,Finance,Startup,Asia,pilot
3.02,-1.33,Logistics,SME,Oceania,pilot
15.99,1.73,Finance,SME,Asia,partial
15.05,19.57,Retail,Enterprise,Europe,partial
12.92,4.54,Finance,SME,Europe,partial
8.81,10.88,Manufacturing,Enterprise,Asia,partial
12.84,6.0,Consulting,Startup,Asia,partial
7.43,3.16,Healthcare,Startup,Asia,pilot
6.83,2.77,Consulting,Startup,South America,pilot
9.69,-0.51,Education,Startup,North America,partial
7.89,-5.0,Healthcare,Startup,Africa,partial
12.47,-1.12,Healthcare,Enterprise,Asia,partial
9.43,2.4,Finance,Startup,Asia,pilot
9.75,0.96,Healthcare,Startup,Europe,pilot
12.7,13.49,Agriculture,Enterprise,Asia,partial
15.19,6.42,Technology,Startup,Europe,partial
5.99,2.75,Logistics,Startup,Africa,partial
3.25,2.21,Logistics,Startup,North America,pilot
9.3,6.65,Healthcare,Startup,Asia,pilot
7.31,-5.0,Finance,Enterprise,Oceania,pilot
3.76,-5.0,Manufacturing,SME,Asia,pilot
8.49,5.23,Manufacturing,SME,Oceania,pilot
8.24,8.75,Agriculture,Enterprise,South America,partial
14.01,5.41,Retail,Enterprise,Europe,partial
6.02,3.71,Manufacturing,Startup,Europe,pilot
8.45,8.2,Retail,Startup,Oceania,pilot
6.16,10.15,Retail,SME,Oceania,pilot
12.59,8.97,Technology,Enterprise,Africa,partial
8.12,3.37,Logistics,Startup,North America,partial
5.79,3.35,Consulting,Startup,Asia,pilot
9.24,4.41,Finance,SME,Asia,pilot
7.27,-3.55,Technology,SME,Africa,pilot
3.69,0.92,Healthcare,SME,South America,pilot
14.23,4.78,Education,Startup,Asia,partial
17.8,2.82,Retail,Enterprise,Europe,partial
12.29,11.79,Logistics,Enterprise,Europe,partial
4.05,-0.45,Manufacturing,SME,Africa,none
6.95,13.83,Manufacturing,SME,Europe,pilot
7.62,-1.22,Consulting,Enterprise,Europe,partial
14.66,11.27,Finance,Enterprise,Oceania,partial
17.59,1.6,Technology,Enterprise,South America,partial
15.5,6.4,Agriculture,Startup,Europe,partial
11.07,4.63,Finance,Enterprise,Asia,partial
4.65,0.84,Consulting,SME,Europe,pilot
6.16,10.84,Agriculture,SME,Europe,pilot
7.25,8.82,Finance,SME,Asia,partial
13.22,9.57,Finance,Startup,Oceania,partial
7.38,0.29,Education,Startup,North America,partial
11.65,1.54,Logistics,Startup,Asia,partial
7.77,6.53,Education,Startup,Europe,partial
3.22,7.77,Manufacturing,SME,Asia,pilot
7.21,-3.74,Retail,Startup,Asia,pilot
7.78,-0.67,Finance,Enterprise,Asia,partial
3.33,1.73,Consulting,SME,Africa,pilot
7.37,3.75,Education,SME,Europe,pilot
11.99,13.61,Healthcare,SME,Europe,partial
12.19,6.98,Retail,SME,Europe,partial
11.39,2.49,Retail,SME,Africa,pilot
5.83,2.49,Agriculture,SME,Asia,none
9.39,0.21,Agriculture,Startup,South America,partial
12.61,-2.83,Retail,SME,South America,partial
9.72,-5.0,Finance,SME,Europe,partial
9.95,4.27,Retail,SME,Asia,partial
8.17,-3.44,Manufacturing,Startup,Africa,pilot
14.61,3.57,Retail,SME,Africa,partial
14.83,1.68,Logistics,Enterprise,Asia,partial
10.24,5.01,Consulting,SME,South America,partial
11.48,-2.62,Healthcare,Startup,South America,partial
12.48,8.59,Logistics,Enterprise,Europe,partial
13.43,-1.36,Healthcare,SME,Asia,partial
7.33,-2.99,Healthcare,Startup,South America,pilot
10.58,9.07,Technology,Startup,Europe,partial
9.11,5.46,Education,Startup,South America,pilot
8.94,-0.57,Agriculture,Startup,Asia,pilot
5.39,-1.61,Technology,Startup,Europe,pilot
9.6,-2.44,Healthcare,SME,Oceania,pilot
2.83,1.72,Agriculture,Startup,Europe,none
6.66,-3.06,Education,Startup,Asia,pilot
9.14,4.58,Agriculture,Startup,Asia,partial
21.1,6.19,Healthcare,Enterprise,North America,partial
9.6,6.88,Education,Startup,Asia,partial
9.48,4.7,Retail,SME,Asia,partial
17.38,7.55,Manufacturing,Enterprise,Africa,partial
12.45,2.39,Manufacturing,Enterprise,Africa,partial
15.26,12.23,Healthcare,Enterprise,Asia,partial
14.06,14.19,Consulting,Enterprise,Asia,partial
6.92,4.86,Education,Startup,Europe,pilot
3.41,-5.0,Consulting,SME,Europe,pilot
6.21,-3.81,Agriculture,Startup,Europe,pilot
5.37,8.55,Finance,Enterprise,Africa,pilot
10.02,15.98,Finance,Startup,Asia,partial
10.8,18.1,Logistics,Startup,Africa,partial
9.33,13.11,Agriculture,SME,Asia,partial
7.02,2.11,Education,Startup,Africa,partial
14.67,2.66,Agriculture,Enterprise,Europe,partial
14.3,6.53,Consulting,SME,Africa,partial
7.3,6.96,Agriculture,SME,South America,pilot
9.01,10.39,Finance,SME,Oceania,pilot
14.66,5.33,Retail,SME,Europe,partial
14.26,9.66,Consulting,Enterprise,Europe,pilot
4.39,-5.0,Finance,SME,Europe,none
5.86,0.05,Logistics,SME,North America,pilot
12.45,10.99,Technology,Startup,Asia,partial
9.97,2.26,Healthcare,SME,Asia,partial
20.54,5.74,Technology,Enterprise,Africa,partial
9.32,8.4,Consulting,Startup,Asia,partial
12.38,2.74,Logistics,Enterprise,Asia,partial
13.61,10.34,Technology,Startup,Europe,partial
10.64,13.13,Technology,Startup,North America,partial
7.46,6.74,Manufacturing,Startup,Asia,pilot
4.68,6.29,Education,SME,Asia,pilot
8.53,0.91,Manufacturing,Startup,Oceania,partial
9.53,10.92,Technology,Startup,Asia,pilot
9.07,7.02,Agriculture,Startup,Europe,pilot
7.22,2.5,Healthcare,Startup,Asia,pilot
4.27,0.29,Finance,Enterprise,Africa,pilot
6.4,12.56,Finance,Enterprise,Africa,partial
0.0,-2.15,Retail,Startup,Europe,none
13.65,5.57,Education,SME,South America,partial
7.33,-2.41,Logistics,Startup,Africa,pilot
8.35,6.88,Manufacturing,Startup,Europe,pilot
9.9,10.67,Finance,Enterprise,Asia,partial
11.38,4.89,Technology,SME,Africa,pilot
13.05,2.53,Manufacturing,Startup,Europe,partial
15.79,2.82,Technology,Enterprise,Asia,partial
7.31,-1.19,Finance,Enterprise,Asia,pilot
0.0,-5.0,Manufacturing,SME,Asia,none
8.57,7.6,Manufacturing,Startup,Asia,partial
8.31,-3.7,Retail,SME,Asia,partial
10.62,4.58,Finance,Startup,Europe,partial
7.26,2.03,Consulting,SME,Africa,pilot
12.61,7.79,Healthcare,Enterprise,Europe,partial
13.16,9.66,Manufacturing,SME,North America,partial
12.11,1.24,Agriculture,Startup,South America,partial
9.44,4.52,Manufacturing,Startup,South America,partial
13.49,12.27,Manufacturing,Startup,Oceania,partial
5.27,-3.02,Healthcare,SME,Asia,pilot
11.73,-0.09,Healthcare,SME,Asia,partial
6.69,3.09,Retail,SME,South America,pilot
7.07,-0.51,Retail,SME,Asia,pilot
9.03,14.81,Consulting,SME,North America,partial
13.47,7.31,Manufacturing,SME,Europe,partial
11.77,0.45,Manufacturing,SME,Africa,pilot
15.44,14.56,Technology,Enterprise,Asia,partial
12.39,-1.73,Technology,Startup,Oceania,partial
6.56,1.96,Agriculture,Startup,Asia,pilot
12.46,3.77,Manufacturing,Startup,Asia,partial
11.09,0.91,Agriculture,SME,Asia,pilot
8.89,4.73,Healthcare,Startup,South America,partial
6.99,2.17,Consulting,SME,Europe,pilot
12.84,6.41,Logistics,SME,South America,partial
7.04,6.11,Healthcare,Enterprise,Europe,pilot
4.88,0.23,Education,Startup,Europe,pilot
0.0,2.85,Retail,Startup,Europe,none
8.01,-5.0,Agriculture,SME,Asia,partial
16.76,12.82,Healthcare,Enterprise,North America,partial
14.29,7.8,Technology,Startup,Europe,partial
8.47,-5.0,Agriculture,SME,Asia,pilot
17.0,15.55,Manufacturing,SME,Europe,partial
9.06,2.56,Technology,Startup,North America,partial
8.67,4.43,Finance,Startup,South America,pilot
12.34,0.55,Finance,SME,Oceania,partial
12.78,8.26,Technology,Startup,South America,partial
9.32,12.09,Finance,Enterprise,Asia,partial
7.4,9.89,Retail,SME,Asia,pilot
11.15,9.88,Education,Startup,South America,pilot
7.59,-1.13,Healthcare,Startup,Asia,partial
5.85,5.31,Manufacturing,SME,Asia,pilot
12.84,7.19,Finance,Enterprise,North America,partial
6.22,0.68,Healthcare,Startup,Oceania,pilot
12.07,2.93,Education,Enterprise,Oceania,partial
0.88,11.73,Education,Startup,Asia,none
12.43,5.85,Finance,Startup,Oceania,partial
9.4,1.93,Technology,Startup,Asia,partial
3.92,-1.61,Consulting,Startup,Europe,pilot
2.09,5.8,Agriculture,SME,Oceania,pilot
12.46,12.17,Technology,SME,Asia,partial
5.25,1.64,Healthcare,SME,Europe,pilot
8.12,17.04,Finance,Startup,Asia,pilot
8.96,4.98,Consulting,SME,North America,pilot
4.62,-0.16,Agriculture,Startup,South America,pilot
12.08,3.13,Logistics,Enterprise,South America,pilot
1.19,3.59,Manufacturing,Startup,Asia,none
5.85,5.28,Consulting,Startup,South America,pilot
9.95,4.49,Finance,SME,Asia,pilot
13.01,-5.0,Technology,SME,Asia,partial
4.63,7.08,Retail,Startup,Oceania,pilot
7.67,0.65,Logistics,SME,Asia,pilot
12.41,5.5,Healthcare,Enterprise,Asia,partial
8.29,3.68,Manufacturing,SME,North America,pilot
6.8,6.37,Retail,SME,Africa,pilot
18.37,2.97,Agriculture,Enterprise,Europe,partial
5.42,-4.13,Manufacturing,SME,South America,pilot
4.88,-2.34,Education,SME,Asia,pilot
11.06,10.72,Technology,Startup,Asia,pilot
13.97,9.78,Manufacturing,Enterprise,Europe,partial
13.56,-3.67,Retail,SME,Asia,partial
10.36,7.29,Manufacturing,SME,Europe,partial
10.45,6.74,Education,Startup,Europe,partial
1.73,-0.18,Logistics,Startup,South America,none
16.4,11.3,Technology,SME,Europe,partial
12.96,0.4,Healthcare,Startup,Africa,partial
9.25,-0.5,Finance,Startup,Europe,partial
12.59,3.88,Technology,Enterprise,Oceania,partial
14.36,-1.32,Education,SME,Europe,partial
5.85,-5.0,Technology,Startup,Europe,pilot
12.31,2.43,Retail,SME,South America,partial
14.54,5.91,Healthcare,SME,Asia,partial
6.91,9.12,Logistics,Startup,Africa,partial
7.77,8.26,Education,SME,Europe,partial
7.85,-5.0,Healthcare,Startup,Europe,pilot
15.96,9.92,Education,Enterprise,Asia,partial
8.51,-2.35,Education,SME,Europe,partial
13.06,7.56,Agriculture,Startup,Europe,partial
10.3,1.11,Healthcare,Enterprise,Asia,pilot
12.11,1.13,Finance,Startup,Europe,partial
8.48,4.98,Finance,Startup,Asia,partial
13.66,12.93,Agriculture,Startup,South America,partial
8.26,0.0,Consulting,SME,Europe,pilot
7.62,5.97,Finance,Startup,South America,partial
9.44,10.01,Consulting,Startup,Asia,partial
4.81,-5.0,Logistics,SME,Africa,pilot
10.96,4.43,Logistics,Startup,Asia,pilot
8.2,18.78,Manufacturing,Startup,Africa,partial
10.92,7.25,Healthcare,Enterprise,South America,partial
7.58,7.94,Finance,SME,Oceania,pilot
5.93,1.79,Logistics,Startup,Asia,pilot
6.42,0.41,Healthcare,Startup,Asia,pilot
4.07,-5.0,Manufacturing,SME,Europe,none
16.62,8.22,Technology,SME,Europe,partial
12.82,13.6,Education,SME,Europe,partial
10.69,-2.47,Retail,Startup,Africa,pilot
8.87,6.47,Technology,SME,Africa,partial
14.25,18.29,Technology,SME,Africa,pilot
10.09,10.54,Logistics,SME,South America,partial
10.11,10.54,Education,SME,Asia,partial
8.0,15.46,Agriculture,SME,Asia,partial
12.8,6.68,Technology,Enterprise,North America,pilot
9.72,1.92,Healthcare,Startup,Europe,partial
8.29,6.59,Finance,SME,Europe,partial
6.66,3.1,Agriculture,SME,Asia,pilot
12.92,2.15,Education,Startup,South America,partial
9.23,3.79,Retail,SME,Asia,partial
13.72,3.47,Finance,SME,Europe,partial
8.97,7.02,Finance,SME,Asia,partial
14.69,1.53,Finance,SME,Asia,partial
13.24,22.11,Logistics,SME,South America,partial
6.61,5.02,Finance,Startup,Asia,pilot
10.21,4.18,Education,Startup,South America,partial
10.1,-5.0,Healthcare,SME,Europe,pilot
7.28,-5.0,Logistics,SME,Europe,partial
14.61,14.44,Manufacturing,SME,Africa,partial
13.48,2.91,Education,Enterprise,Asia,partial
6.97,4.91,Healthcare,Startup,North America,pilot
15.76,11.37,Technology,Enterprise,Asia,partial
16.32,9.37,Manufacturing,Enterprise,Europe,partial
3.16,5.87,Retail,Startup,South America,partial
11.04,11.31,Retail,SME,South America,partial
14.27,5.64,Finance,SME,South America,partial
6.76,-2.58,Finance,SME,Oceania,pilot
5.38,-4.64,Retail,Startup,Europe,pilot
2.21,4.89,Retail,Startup,Asia,pilot
6.14,8.02,Finance,Enterprise,Asia,partial
10.15,7.53,Finance,Startup,Europe,partial
13.83,5.4,Agriculture,Enterprise,Oceania,partial
10.43,3.26,Finance,SME,Oceania,pilot
11.02,1.22,Finance,SME,Asia,pilot
14.09,4.92,Technology,Startup,South America,full
10.73,5.28,Technology,SME,Europe,pilot
7.0,-3.66,Education,SME,Europe,pilot
7.4,0.5,Education,SME,Europe,partial
12.44,4.83,Manufacturing,Startup,Asia,partial
3.52,-1.37,Healthcare,SME,Asia,partial
8.8,7.61,Technology,SME,South America,pilot
11.93,6.75,Finance,Enterprise,South America,pilot
12.88,1.37,Manufacturing,SME,South America,pilot
10.64,7.2,Healthcare,SME,South America,partial
15.53,-3.31,Manufacturing,Enterprise,South America,partial
12.51,4.1,Consulting,SME,Africa,partial
5.69,3.83,Healthcare,Startup,Europe,pilot
5.65,-0.55,Education,Startup,Asia,pilot
11.07,13.74,Technology,Enterprise,Asia,partial
9.47,-0.86,Agriculture,SME,Asia,pilot
4.91,0.99,Manufacturing,Startup,Europe,pilot
10.66,6.39,Manufacturing,SME,South America,partial
4.8,4.81,Logistics,SME,Africa,pilot
10.24,10.15,Consulting,Enterprise,Africa,partial
8.51,10.84,Technology,SME,Asia,pilot
11.4,8.24,Manufacturing,Startup,North America,partial
5.16,1.33,Healthcare,Startup,Europe,pilot
9.84,-0.63,Finance,Enterprise,South America,partial
8.92,8.32,Manufacturing,Startup,South America,partial
8.68,8.65,Manufacturing,SME,Asia,partial
9.94,8.43,Logistics,SME,Asia,pilot
13.78,-1.12,Agriculture,SME,Africa,partial
10.83,12.98,Finance,SME,Africa,partial
1.74,-0.61,Finance,Startup,Africa,pilot
10.58,11.21,Agriculture,Enterprise,Asia,partial
9.07,-2.78,Technology,Enterprise,Asia,pilot
0.44,4.43,Retail,SME,North America,pilot
1.01,-3.11,Finance,SME,Europe,none
7.26,13.22,Retail,SME,South America,pilot
10.91,5.6,Agriculture,SME,North America,partial
6.32,-0.63,Logistics,Enterprise,South America,pilot
7.24,-0.83,Technology,Startup,Asia,pilot
9.93,12.99,Consulting,Enterprise,Europe,partial
11.82,5.73,Technology,SME,South America,partial
8.12,3.66,Finance,Startup,Europe,partial
2.51,-5.0,Healthcare,Startup,Africa,pilot
7.44,2.72,Agriculture,Enterprise,Asia,pilot
3.62,-1.51,Healthcare,Startup,Asia,pilot
8.1,2.6,Technology,Startup,Europe,pilot
6.1,1.6,Retail,SME,Europe,pilot
4.5,0.94,Finance,SME,Europe,pilot
6.85,-2.38,Technology,Startup,Asia,pilot
10.41,0.37,Healthcare,SME,Africa,pilot
9.03,6.86,Education,SME,South America,partial
20.5,14.36,Technology,SME,Asia,partial
6.9,-3.54,Healthcare,Startup,Europe,pilot
8.97,6.74,Consulting,SME,Asia,pilot
2.56,-0.54,Manufacturing,Startup,Africa,none
13.22,4.49,Finance,Enterprise,Africa,partial
14.85,14.02,Finance,Enterprise,Europe,partial
7.29,8.69,Logistics,SME,Europe,pilot
9.86,15.83,Logistics,Enterprise,Asia,pilot
6.27,9.61,Consulting,SME,South America,pilot
11.6,4.61,Retail,SME,Asia,partial
7.1,5.36,Technology,SME,Asia,pilot
12.56,5.95,Education,Enterprise,Europe,partial
13.7,1.96,Healthcare,SME,Asia,partial
8.24,3.67,Logistics,Startup,Africa,pilot
5.21,-5.0,Agriculture,SME,Asia,pilot
15.31,10.28,Finance,Startup,Africa,partial
1.22,9.96,Manufacturing,Enterprise,Africa,pilot
11.48,2.24,Consulting,Startup,South America,partial
4.89,-5.0,Retail,Startup,Asia,pilot
0.0,2.81,Consulting,SME,Europe,none
7.87,3.53,Finance,Enterprise,Europe,pilot
10.93,-2.89,Manufacturing,SME,South America,partial
2.37,-4.67,Manufacturing,SME,Asia,pilot
8.09,-5.0,Manufacturing,Startup,Europe,pilot
9.18,-4.7,Healthcare,Enterprise,Europe,partial
10.39,0.31,Logistics,Enterprise,Europe,pilot
7.53,-0.99,Technology,Startup,Africa,pilot
9.97,1.64,Healthcare,SME,South America,partial
7.29,-5.0,Agriculture,Startup,Africa,partial
8.8,1.72,Consulting,SME,Asia,pilot
7.17,3.15,Agriculture,Enterprise,North America,pilot
4.74,0.59,Healthcare,SME,South America,pilot
11.47,1.26,Finance,SME,South America,partial
8.34,-1.25,Agriculture,Startup,Africa,partial
5.71,-5.0,Technology,SME,Asia,pilot
15.06,9.62,Manufacturing,Enterprise,Africa,partial
4.8,2.74,Agriculture,Startup,South America,pilot
6.17,8.34,Retail,SME,Europe,partial
10.02,5.6,Technology,Enterprise,North America,partial
12.24,6.44,Finance,SME,Asia,partial
13.89,4.6,Technology,SME,Africa,partial
6.11,-3.01,Healthcare,Startup,Europe,pilot
11.19,-1.87,Manufacturing,Enterprise,Africa,pilot
5.1,-2.74,Technology,Startup,Asia,pilot
7.14,7.59,Logistics,Startup,Africa,pilot
11.17,3.16,Consulting,SME,Europe,partial
14.03,19.31,Logistics,Startup,Europe,partial
9.91,11.66,Retail,SME,South America,pilot
6.61,1.18,Retail,SME,Asia,pilot
7.78,3.41,Consulting,Startup,Asia,pilot
6.36,0.68,Manufacturing,Startup,Asia,pilot
2.91,7.6,Healthcare,Startup,Europe,pilot
14.14,9.43,Healthcare,Startup,Europe,full
7.88,10.79,Finance,Enterprise,South America,pilot
2.51,0.04,Agriculture,Startup,Asia,pilot
5.72,4.1,Agriculture,SME,Oceania,pilot
6.62,7.84,Healthcare,SME,Africa,pilot
9.32,-5.0,Logistics,SME,Europe,pilot
14.64,5.18,Technology,SME,South America,partial
7.17,10.46,Retail,Startup,Europe,partial
4.73,-2.69,Logistics,Startup,Asia,pilot
0.0,5.0,Consulting,Startup,Africa,none
10.87,6.26,Agriculture,Startup,South America,partial
0.0,-5.0,Logistics,SME,Asia,none
16.85,11.29,Education,Startup,Europe,partial
8.8,-5.0,Retail,Startup,Asia,pilot
10.21,7.49,Healthcare,Enterprise,Europe,partial
9.27,1.84,Logistics,SME,Europe,partial
10.85,10.93,Logistics,Enterprise,Europe,partial
14.53,2.37,Finance,Startup,Asia,partial
7.07,0.52,Agriculture,Startup,North America,partial
6.76,2.13,Manufacturing,Startup,Europe,pilot
7.38,0.56,Finance,Startup,South America,pilot
5.0,8.73,Consulting,Startup,Oceania,pilot
13.13,13.88,Technology,SME,Africa,partial
4.58,11.05,Healthcare,Startup,Asia,pilot
4.95,3.98,Finance,Startup,Europe,pilot
2.37,-4.21,Manufacturing,SME,Europe,none
15.04,8.2,Manufacturing,SME,Asia,partial
12.49,0.51,Technology,Startup,Africa,partial
5.73,9.98,Technology,SME,North America,partial
6.73,-0.04,Consulting,SME,South America,pilot
7.8,-1.89,Finance,SME,Asia,pilot
13.66,5.85,Retail,Enterprise,Asia,pilot
17.32,12.51,Technology,Enterprise,Asia,partial
7.25,9.46,Technology,SME,North America,pilot
11.67,6.18,Finance,Startup,Asia,partial
7.01,3.16,Consulting,Startup,Africa,pilot
4.33,2.74,Education,SME,Europe,pilot
9.25,0.59,Healthcare,Enterprise,Asia,pilot
4.48,7.11,Healthcare,SME,Asia,pilot
3.18,8.75,Retail,Startup,Africa,pilot
8.19,0.62,Agriculture,Startup,Europe,pilot
11.92,16.45,Agriculture,Enterprise,Asia,partial
10.49,-2.44,Manufacturing,Startup,Europe,partial
5.06,8.52,Manufacturing,Startup,Europe,pilot
4.82,3.35,Finance,SME,North America,pilot
16.04,9.04,Manufacturing,Enterprise,Asia,partial
3.63,2.37,Manufacturing,Startup,North America,pilot
4.98,5.87,Technology,Startup,Europe,none
7.46,4.17,Education,Startup,Europe,pilot
9.84,0.74,Finance,SME,Africa,pilot
10.59,6.09,Logistics,Enterprise,Asia,pilot
9.2,6.99,Consulting,SME,Africa,partial
4.32,8.62,Manufacturing,Startup,Asia,pilot
10.06,6.07,Agriculture,Enterprise,South America,pilot
1.34,-2.95,Consulting,Startup,Asia,pilot
15.34,4.42,Logistics,Enterprise,Europe,pilot
8.46,6.06,Manufacturing,SME,Asia,partial
11.17,3.68,Technology,SME,Asia,partial
11.11,0.48,Retail,Startup,Europe,partial
9.83,-5.0,Retail,SME,Oceania,partial
10.79,5.96,Education,Startup,Asia,pilot
5.63,-0.44,Finance,Startup,Asia,pilot
12.2,15.56,Manufacturing,Startup,Europe,partial
11.4,-5.0,Finance,SME,Africa,pilot
10.74,3.99,Consulting,Startup,Africa,partial
11.2,5.66,Agriculture,SME,South America,pilot
5.57,14.75,Healthcare,Startup,Asia,pilot
5.41,-2.28,Healthcare,SME,Asia,pilot
10.12,3.01,Education,Startup,Europe,pilot
5.38,-0.91,Finance,Startup,Asia,pilot
11.16,4.42,Manufacturing,Enterprise,Europe,partial
11.59,4.75,Education,SME,Europe,partial
6.82,-3.31,Agriculture,SME,North America,partial
6.36,0.61,Retail,Startup,North America,pilot
5.24,6.08,Manufacturing,SME,Africa,pilot
10.33,3.16,Retail,SME,Asia,partial
7.43,-4.36,Agriculture,Startup,Asia,pilot
8.06,-0.97,Healthcare,Startup,Asia,pilot
10.19,3.53,Agriculture,SME,Asia,partial
3.77,0.96,Manufacturing,SME,Asia,none
15.83,1.26,Retail,SME,Asia,partial
5.89,9.52,Consulting,Startup,Asia,pilot
5.48,-4.2,Healthcare,SME,Oceania,pilot
10.65,15.34,Finance,Startup,Asia,partial
8.74,0.07,Retail,Startup,Asia,partial
12.29,3.59,Healthcare,SME,North America,partial
8.84,11.1,Agriculture,Startup,Asia,pilot
9.29,0.54,Education,SME,Asia,partial
11.48,10.25,Manufacturing,Enterprise,South America,partial
6.3,5.69,Education,SME,Asia,pilot
8.32,1.37,Finance,Startup,Asia,pilot
6.55,14.16,Manufacturing,SME,Africa,partial
11.22,-2.04,Consulting,Enterprise,Europe,pilot
12.53,9.94,Finance,Startup,Europe,partial
11.49,4.22,Finance,SME,North America,partial
7.29,-0.6,Retail,Startup,Asia,pilot
10.21,-3.03,Healthcare,Enterprise,Europe,partial
9.41,6.36,Education,SME,Europe,pilot
2.76,-5.0,Healthcare,Startup,South America,pilot
10.06,2.58,Retail,Startup,Asia,partial
8.73,2.35,Consulting,Enterprise,Asia,pilot
6.78,9.53,Manufacturing,Startup,Africa,pilot
14.12,0.84,Retail,SME,Europe,partial
7.95,-4.34,Consulting,Startup,South America,partial
18.45,18.55,Education,SME,North America,full
7.96,-2.08,Education,Startup,Europe,pilot
13.25,6.39,Technology,Startup,Oceania,partial
9.04,8.77,Manufacturing,Startup,Europe,partial
12.31,10.99,Technology,Enterprise,Africa,partial
10.83,4.38,Technology,Startup,Europe,partial
13.62,1.09,Technology,Startup,Oceania,partial
14.75,13.36,Technology,Startup,South America,partial
10.33,3.96,Healthcare,Enterprise,Africa,pilot
6.39,-5.0,Logistics,Startup,Europe,pilot
10.1,-5.0,Healthcare,SME,Europe,pilot
10.2,7.6,Agriculture,SME,Europe,pilot
6.55,1.59,Logistics,SME,Asia,pilot
6.64,0.67,Retail,Enterprise,Europe,partial
9.27,2.28,Finance,SME,South America,partial
6.89,-1.45,Manufacturing,SME,Europe,pilot
12.56,11.6,Healthcare,SME,Asia,partial
2.37,-3.95,Technology,SME,South America,none
10.68,8.87,Technology,Startup,Asia,partial
14.39,13.98,Technology,Startup,Oceania,partial
7.83,11.47,Consulting,SME,North America,partial
8.5,-5.0,Finance,SME,Asia,pilot
7.22,-0.64,Logistics,SME,Asia,pilot
7.23,3.52,Manufacturing,SME,Asia,pilot
8.22,1.97,Manufacturing,SME,South America,pilot
12.3,2.1,Agriculture,Enterprise,Oceania,partial
6.13,7.88,Healthcare,SME,Asia,partial
11.84,10.74,Manufacturing,SME,Europe,partial
11.17,7.16,Finance,SME,Asia,partial
9.32,0.25,Technology,SME,Oceania,pilot
11.4,7.48,Technology,SME,Asia,partial
6.36,-5.0,Finance,Startup,Asia,partial
9.91,7.42,Logistics,Startup,Europe,partial
10.98,8.58,Education,Enterprise,Asia,partial
8.58,3.28,Healthcare,Enterprise,Africa,partial
9.76,8.57,Education,SME,Europe,pilot
10.62,6.32,Retail,Startup,Europe,partial
12.35,4.76,Retail,Startup,Europe,partial
13.09,12.01,Technology,SME,Africa,partial
18.86,13.95,Technology,SME,Oceania,partial
4.62,-2.27,Healthcare,Startup,Europe,pilot
11.51,1.12,Agriculture,Enterprise,Asia,partial
1.76,-1.95,Agriculture,Startup,Asia,none
3.15,-4.83,Agriculture,SME,Asia,none
10.17,5.16,Consulting,SME,Asia,partial
9.69,10.89,Technology,SME,Africa,partial
12.04,4.31,Technology,SME,Asia,partial
8.53,7.47,Agriculture,Startup,Europe,partial
9.51,-0.73,Finance,SME,Asia,pilot
3.56,6.9,Education,SME,Europe,none
10.52,-2.1,Manufacturing,SME,South America,partial
15.55,8.91,Healthcare,SME,Oceania,partial
7.08,0.42,Technology,SME,Europe,pilot
13.31,5.65,Education,Enterprise,Asia,pilot
5.98,7.41,Healthcare,Startup,North America,pilot
13.04,6.89,Healthcare,SME,Africa,partial
8.45,1.62,Retail,Enterprise,South America,pilot
10.21,-5.0,Retail,Startup,North America,partial
5.58,1.47,Retail,Enterprise,Africa,pilot
14.12,13.51,Technology,Enterprise,Europe,partial
8.56,8.92,Technology,SME,Asia,pilot
7.75,5.64,Technology,Startup,Africa,pilot
9.1,7.05,Finance,Enterprise,Europe,pilot
6.86,2.72,Finance,Startup,South America,pilot
1.27,8.67,Agriculture,SME,Asia,pilot
8.28,9.18,Manufacturing,SME,Europe,pilot
7.88,6.82,Healthcare,Startup,Asia,partial
13.87,12.87,Manufacturing,SME,Asia,partial
10.43,-4.5,Education,SME,Europe,pilot
6.27,2.67,Education,Startup,Europe,pilot
8.7,2.36,Retail,SME,Asia,pilot
12.57,-0.77,Retail,Enterprise,Oceania,partial
8.84,-5.0,Retail,SME,North America,pilot
6.23,-3.1,Education,Enterprise,Europe,pilot
5.9,7.46,Finance,SME,Africa,pilot
6.27,-1.25,Consulting,SME,Oceania,pilot
10.57,-0.04,Healthcare,Startup,Asia,partial
4.79,3.87,Consulting,SME,Asia,pilot
12.09,4.54,Logistics,SME,Asia,partial
10.29,5.13,Finance,Startup,Asia,partial
20.38,6.14,Healthcare,Enterprise,Asia,full
7.39,7.91,Logistics,SME,Oceania,pilot
16.79,-1.06,Consulting,Enterprise,Europe,partial
9.72,5.49,Technology,Startup,Europe,partial
12.1,-1.61,Technology,SME,South America,pilot
19.14,9.38,Technology,Enterprise,Europe,partial
14.87,5.25,Technology,SME,North America,partial
6.6,0.02,Retail,Startup,Asia,partial
3.04,-1.59,Finance,SME,Europe,pilot
13.37,7.79,Technology,SME,Africa,pilot
5.88,5.7,Agriculture,SME,North America,pilot
8.55,2.2,Logistics,Startup,North America,pilot
10.56,-3.7,Technology,Startup,North America,pilot
11.0,15.5,Consulting,SME,Africa,partial
11.46,8.45,Healthcare,Startup,Asia,partial
9.54,10.06,Manufacturing,Enterprise,Asia,pilot
13.18,11.04,Manufacturing,SME,Asia,partial
14.16,5.71,Education,SME,Europe,partial
10.39,5.3,Technology,Startup,North America,partial
15.73,1.28,Technology,Enterprise,Africa,partial
7.63,1.44,Education,Enterprise,South America,pilot
15.27,11.93,Manufacturing,Startup,Africa,partial
9.7,0.22,Manufacturing,Enterprise,South America,pilot
8.15,-2.57,Consulting,Startup,Asia,pilot
5.34,-0.85,Agriculture,SME,Asia,pilot
6.47,-1.6,Education,Startup,Asia,pilot
7.76,-0.61,Retail,SME,Africa,pilot
8.26,7.68,Logistics,SME,Europe,partial
3.23,4.74,Education,SME,Asia,pilot
10.2,-2.04,Consulting,Enterprise,Africa,pilot
15.07,7.76,Manufacturing,SME,Europe,partial
5.75,6.97,Retail,Startup,Europe,partial
5.54,-0.89,Logistics,Startup,Oceania,pilot
10.12,2.69,Education,Enterprise,Asia,pilot
15.63,6.38,Agriculture,Startup,Europe,partial
9.19,4.68,Finance,SME,Europe,partial
1.77,3.79,Agriculture,Startup,Europe,pilot
17.24,11.99,Technology,SME,Europe,partial
13.35,10.33,Finance,SME,Africa,partial
10.13,20.03,Manufacturing,Enterprise,Oceania,partial
9.24,-5.0,Finance,SME,Europe,pilot
11.97,0.03,Logistics,SME,Europe,partial
8.12,8.81,Technology,Startup,Europe,pilot
5.17,19.83,Manufacturing,Startup,Asia,pilot
7.65,3.61,Technology,SME,Europe,pilot
3.65,-1.53,Healthcare,SME,Asia,pilot
14.56,19.64,Technology,SME,Africa,partial
5.51,0.11,Healthcare,Startup,South America,pilot
4.27,-4.48,Consulting,Startup,Europe,pilot
3.37,-2.6,Healthcare,Startup,Asia,pilot
16.75,1.1,Retail,Enterprise,Asia,partial
7.76,-0.77,Finance,Startup,Africa,partial
16.57,7.67,Finance,Enterprise,North America,partial
4.08,-0.1,Education,SME,Europe,none
3.72,-0.66,Healthcare,Startup,South America,pilot
3.49,-2.04,Healthcare,Startup,Africa,partial
8.15,2.37,Education,SME,Asia,pilot
5.54,5.57,Manufacturing,SME,Europe,pilot
13.09,14.45,Healthcare,Enterprise,Europe,partial
7.56,3.76,Healthcare,Startup,Africa,pilot
0.0,1.19,Consulting,SME,Africa,none
13.61,10.75,Education,Startup,Asia,partial
12.81,13.94,Retail,Startup,Africa,partial
8.11,-1.18,Healthcare,Enterprise,Africa,pilot
9.58,1.83,Finance,Startup,Europe,pilot
5.58,-2.71,Healthcare,Startup,Asia,none
10.35,3.79,Retail,SME,Asia,partial
8.92,4.04,Healthcare,Enterprise,Europe,pilot
13.2,2.03,Technology,SME,Asia,pilot
10.51,-3.34,Technology,Enterprise,Europe,pilot
15.27,13.45,Agriculture,SME,Asia,partial
6.1,0.34,Healthcare,SME,Asia,pilot
7.0,9.26,Finance,SME,Africa,pilot
10.12,11.93,Healthcare,Startup,Asia,partial
12.45,12.92,Education,Startup,Africa,partial
8.83,13.66,Finance,Enterprise,Europe,partial
12.44,1.84,Finance,Startup,South America,partial
10.63,0.13,Agriculture,SME,Africa,pilot
8.29,10.23,Finance,Enterprise,Asia,partial
9.18,7.5,Retail,SME,Europe,partial
13.13,4.17,Agriculture,Startup,Asia,partial
9.79,-4.22,Manufacturing,Startup,Oceania,partial
18.16,7.63,Retail,Enterprise,Asia,partial
15.03,9.37,Agriculture,SME,Africa,partial
6.64,-3.06,Finance,Startup,Asia,pilot
7.18,12.16,Technology,Startup,Asia,partial
4.27,-2.53,Healthcare,Startup,Africa,pilot
11.23,0.55,Finance,Enterprise,Asia,partial
9.69,6.01,Education,SME,South America,partial
8.88,8.75,Retail,Startup,Asia,partial
12.51,-0.81,Agriculture,SME,Asia,partial
11.71,1.7,Technology,Startup,Africa,partial
8.19,5.11,Consulting,Startup,Asia,pilot
8.77,6.77,Education,Startup,Asia,partial
5.23,1.69,Consulting,SME,Asia,pilot
3.68,-0.07,Retail,Startup,Africa,pilot
3.88,-5.0,Education,SME,Oceania,none
6.75,11.06,Manufacturing,Startup,Africa,pilot
0.0,4.15,Retail,SME,Europe,none
11.62,4.26,Logistics,SME,South America,partial
9.01,4.32,Technology,Startup,Asia,pilot
8.62,14.79,Manufacturing,SME,Africa,partial
8.48,0.03,Logistics,SME,Europe,pilot
11.67,6.61,Technology,Enterprise,North America,partial
4.29,-0.14,Manufacturing,SME,North America,none
7.27,10.21,Education,Startup,Europe,pilot
5.78,9.92,Logistics,Startup,Europe,partial
5.79,5.41,Agriculture,Startup,Europe,pilot
15.21,13.03,Technology,SME,Asia,partial
5.5,6.87,Education,SME,Europe,pilot
10.08,1.07,Technology,SME,Europe,pilot
8.43,4.03,Manufacturing,Startup,Asia,partial
2.06,0.59,Logistics,SME,Asia,pilot
7.82,20.58,Healthcare,Startup,Africa,partial
11.04,11.99,Retail,SME,Asia,partial
8.4,6.95,Logistics,SME,Asia,partial
2.75,3.48,Logistics,SME,Europe,pilot
10.65,-0.54,Manufacturing,SME,Asia,partial
4.68,6.47,Healthcare,Startup,Asia,partial
2.86,-5.0,Finance,SME,Africa,pilot
7.38,6.48,Technology,SME,South America,pilot
5.65,2.95,Education,SME,South America,partial
12.75,2.36,Healthcare,Startup,Asia,partial
10.2,8.9,Agriculture,SME,South America,pilot
6.26,3.99,Education,SME,Asia,partial
6.84,8.43,Logistics,SME,Asia,pilot
14.08,-0.26,Technology,Enterprise,Oceania,partial
8.53,13.73,Manufacturing,Startup,Europe,partial
14.12,5.38,Healthcare,SME,Asia,partial
6.38,5.71,Finance,Enterprise,Oceania,pilot
5.25,9.68,Finance,Startup,Asia,none
13.35,3.26,Retail,Startup,North America,partial
4.48,7.73,Agriculture,Startup,South America,pilot
9.12,8.16,Retail,Startup,Europe,partial
10.37,5.44,Logistics,Startup,Asia,pilot
5.64,4.82,Manufacturing,Startup,Europe,pilot
11.35,9.38,Logistics,Startup,Europe,partial
8.11,4.82,Retail,SME,Asia,pilot
9.88,1.02,Consulting,Startup,Oceania,partial
11.31,-0.1,Retail,SME,Asia,partial
10.05,6.96,Agriculture,SME,Europe,partial
7.52,5.87,Manufacturing,SME,Asia,pilot
10.49,8.01,Manufacturing,SME,Oceania,partial
13.97,-4.48,Healthcare,SME,South America,partial
11.32,5.43,Technology,Enterprise,South America,partial
13.42,6.34,Healthcare,SME,Asia,partial
11.65,3.94,Finance,SME,Asia,partial
10.35,8.2,Logistics,Enterprise,Europe,pilot
9.1,3.19,Agriculture,Enterprise,Europe,partial
17.03,6.43,Agriculture,Enterprise,Africa,partial
12.16,7.14,Consulting,Enterprise,Africa,pilot
8.34,8.33,Retail,Startup,Asia,partial
9.44,10.07,Retail,Startup,Asia,partial
10.04,5.0,Finance,Startup,Asia,partial
9.23,4.96,Education,SME,Asia,partial
9.88,1.04,Consulting,SME,Asia,partial
10.46,-1.38,Finance,SME,Europe,pilot
0.0,-5.0,Agriculture,Startup,Europe,none
8.15,2.93,Logistics,Startup,Europe,pilot
8.39,-3.74,Healthcare,Startup,South America,partial
13.28,7.9,Manufacturing,Enterprise,Asia,partial
13.41,9.22,Finance,SME,Asia,pilot
10.67,6.86,Healthcare,SME,Asia,pilot
13.67,3.8,Retail,Enterprise,Europe,partial
10.26,0.54,Manufacturing,SME,Europe,partial
6.98,1.06,Technology,SME,Oceania,pilot
5.74,0.68,Manufacturing,Startup,Oceania,pilot
9.43,15.05,Healthcare,Enterprise,Asia,partial
10.01,4.0,Manufacturing,Startup,Asia,partial
15.94,11.82,Logistics,Enterprise,Asia,partial
7.99,4.43,Finance,Enterprise,Europe,pilot
14.2,3.19,Consulting,SME,South America,partial
10.18,-0.6,Retail,SME,Asia,pilot
9.0,6.69,Technology,SME,Asia,partial
3.44,1.71,Consulting,SME,South America,pilot
10.05,6.31,Logistics,Startup,South America,pilot
3.27,-5.0,Manufacturing,SME,Asia,none
11.08,7.77,Finance,Startup,Europe,partial
3.73,-0.32,Finance,SME,Asia,pilot
4.61,0.9,Retail,Enterprise,Africa,pilot
10.71,1.36,Finance,SME,South America,partial
12.58,7.46,Consulting,SME,Asia,partial
9.27,1.28,Logistics,Startup,Europe,partial
12.13,4.47,Finance,Enterprise,South America,partial
12.87,2.0,Logistics,SME,Asia,pilot
6.83,3.3,Manufacturing,SME,Asia,pilot
8.36,-5.0,Retail,Startup,Asia,pilot
13.98,8.42,Retail,Enterprise,Europe,partial
8.4,1.31,Retail,SME,Europe,pilot
9.2,-3.98,Healthcare,Startup,Europe,partial
10.6,5.76,Technology,Startup,South America,pilot
11.0,7.1,Finance,Startup,South America,partial
14.17,2.98,Consulting,Startup,Asia,partial
7.83,2.88,Retail,SME,Asia,pilot
9.85,7.69,Retail,Startup,Asia,partial
6.71,8.35,Manufacturing,Startup,Asia,partial
3.33,-5.0,Agriculture,SME,North America,none
13.79,9.06,Technology,Startup,Africa,partial
0.0,-5.0,Education,SME,Asia,none
8.02,13.34,Manufacturing,SME,Europe,pilot
10.81,3.98,Technology,SME,Europe,partial
10.16,-2.26,Manufacturing,SME,North America,pilot
10.99,6.49,Healthcare,SME,Asia,partial
8.42,3.51,Education,Startup,Africa,pilot
9.36,12.19,Logistics,Enterprise,South America,pilot
7.57,9.72,Technology,SME,Europe,pilot
8.07,3.33,Agriculture,Startup,Europe,pilot
6.46,1.65,Consulting,Enterprise,Europe,pilot
8.79,6.19,Consulting,SME,Europe,pilot
5.85,8.5,Healthcare,Startup,Africa,partial
7.71,-3.98,Technology,Startup,Europe,pilot
6.78,9.68,Consulting,Startup,Asia,pilot
9.11,-2.48,Technology,SME,Asia,pilot
7.39,4.33,Manufacturing,SME,South America,pilot
7.67,5.76,Agriculture,Startup,Asia,pilot
12.24,-1.19,Finance,SME,Asia,pilot
14.8,13.69,Technology,SME,Oceania,partial
7.09,13.62,Retail,Startup,North America,partial
12.91,3.37,Finance,SME,Europe,partial
11.65,13.24,Healthcare,SME,Europe,partial
8.48,10.7,Finance,SME,Europe,partial
16.18,3.28,Consulting,SME,South America,partial
8.27,12.12,Education,Enterprise,Asia,pilot
9.35,12.03,Technology,SME,Africa,partial
10.78,7.69,Agriculture,Startup,Europe,partial
14.83,16.72,Technology,Enterprise,Asia,partial
5.82,9.97,Agriculture,Startup,Asia,pilot
10.96,7.18,Retail,SME,Europe,pilot
7.42,4.0,Retail,Startup,Asia,partial
11.95,6.72,Consulting,Startup,Africa,partial
11.9,9.85,Technology,SME,South America,partial
6.96,-1.33,Education,SME,Africa,pilot
7.92,10.47,Consulting,SME,Asia,partial
17.37,8.25,Technology,Enterprise,Europe,partial
10.58,4.35,Education,Startup,South America,partial
12.84,10.67,Manufacturing,SME,Africa,partial
10.66,2.93,Consulting,SME,South America,partial
3.09,3.8,Manufacturing,SME,Africa,pilot
13.39,2.69,Finance,SME,Europe,partial
2.01,-3.33,Retail,Startup,Africa,pilot
13.66,5.98,Finance,SME,Asia,partial
4.98,3.12,Logistics,Startup,Oceania,pilot
7.94,9.27,Retail,SME,Asia,pilot
3.45,2.02,Retail,Startup,Europe,pilot
6.9,-2.56,Consulting,SME,South America,pilot
5.38,9.82,Finance,Startup,Europe,pilot
7.31,7.7,Consulting,Startup,Asia,partial
11.54,-0.62,Technology,Startup,Europe,partial
11.79,10.8,Retail,Enterprise,Asia,partial
7.4,1.52,Healthcare,Enterprise,Africa,pilot
9.13,5.14,Finance,SME,Europe,pilot
11.89,1.0,Manufacturing,SME,Oceania,pilot
3.6,3.44,Education,Startup,Europe,pilot
5.76,3.32,Agriculture,SME,Asia,pilot
6.65,3.84,Consulting,Startup,Europe,pilot
14.26,7.41,Agriculture,SME,Asia,partial
7.95,7.12,Manufacturing,SME,North America,pilot
10.95,-0.96,Retail,SME,Asia,partial
12.53,1.64,Finance,SME,Europe,partial
12.61,4.57,Finance,Enterprise,North America,partial
5.18,4.53,Healthcare,Startup,South America,pilot
9.17,0.47,Retail,Startup,Asia,pilot
6.88,11.16,Retail,Startup,Asia,pilot
8.87,11.02,Healthcare,Startup,Asia,full
1.08,4.28,Healthcare,Startup,Asia,pilot
7.3,4.3,Agriculture,Startup,Asia,partial
2.14,3.75,Healthcare,SME,Europe,pilot
12.78,-1.84,Consulting,Startup,Oceania,partial
4.46,6.98,Healthcare,Startup,South America,pilot
13.56,0.29,Healthcare,Enterprise,North America,partial
0.22,4.65,Retail,Startup,Europe,pilot
16.24,0.07,Finance,Startup,Asia,partial
10.16,0.31,Healthcare,SME,South America,pilot
7.94,4.36,Education,SME,Asia,pilot
14.48,9.15,Healthcare,Enterprise,Europe,partial
10.08,5.91,Agriculture,SME,Asia,pilot
2.97,-5.0,Retail,Startup,South America,pilot
9.34,3.23,Logistics,SME,North America,partial
11.84,7.72,Technology,SME,Asia,pilot
7.81,3.79,Manufacturing,SME,Asia,partial
9.34,-3.24,Manufacturing,SME,Europe,partial
10.02,2.01,Technology,SME,North America,partial
10.2,5.07,Retail,Startup,Asia,partial
13.28,5.04,Finance,SME,Europe,partial
6.98,9.97,Retail,Startup,South America,partial
8.36,14.93,Agriculture,Enterprise,Oceania,pilot
2.72,8.99,Education,Startup,Africa,pilot
10.52,5.73,Education,SME,Europe,pilot
8.88,-0.44,Healthcare,Enterprise,South America,pilot
12.1,4.82,Technology,SME,South America,partial
2.8,-5.0,Retail,SME,Europe,none
5.25,8.12,Agriculture,SME,Europe,pilot
9.47,3.62,Manufacturing,Startup,Europe,partial
6.09,4.54,Retail,Startup,South America,pilot
5.68,-1.06,Healthcare,Enterprise,Europe,none
3.27,7.8,Healthcare,Enterprise,Asia,pilot
17.32,16.59,Retail,Enterprise,Asia,partial
14.24,2.64,Finance,SME,Europe,partial
13.08,5.15,Technology,SME,Europe,pilot
14.75,12.74,Finance,Enterprise,Asia,partial
3.23,-3.13,Education,SME,Asia,none
10.81,1.37,Technology,Startup,Europe,pilot
16.09,11.18,Agriculture,Enterprise,Europe,full
3.72,0.1,Agriculture,Startup,Europe,pilot
8.76,6.73,Consulting,Enterprise,Africa,pilot
9.86,-0.73,Manufacturing,SME,Africa,partial
11.55,14.07,Education,Enterprise,Europe,partial
5.11,-2.1,Healthcare,SME,Asia,pilot
8.42,2.08,Education,SME,Europe,pilot
8.55,3.67,Agriculture,SME,North America,partial
10.54,4.01,Finance,SME,South America,partial
16.56,20.38,Technology,Enterprise,Oceania,partial
11.17,8.54,Consulting,Startup,Africa,partial
11.7,15.12,Agriculture,SME,Europe,pilot
12.91,3.49,Education,Startup,South America,pilot
7.38,9.09,Education,Startup,South America,pilot
9.26,5.6,Logistics,Startup,Africa,partial
0.78,4.51,Retail,Startup,Asia,pilot
5.47,-4.29,Agriculture,SME,South America,pilot
10.25,7.8,Technology,Startup,Europe,partial
16.21,9.43,Education,SME,Asia,partial
7.06,2.27,Finance,SME,South America,pilot
15.37,6.11,Technology,Enterprise,Africa,partial
8.1,10.64,Retail,SME,Europe,pilot
13.13,4.19,Manufacturing,SME,South America,partial
12.38,12.81,Consulting,SME,Europe,pilot
4.44,-2.08,Manufacturing,Startup,South America,pilot
10.33,15.56,Education,Enterprise,Africa,pilot
3.8,-5.0,Consulting,Enterprise,Europe,pilot
8.23,9.21,Finance,Startup,Asia,pilot
12.28,4.95,Logistics,SME,Asia,partial
11.14,0.55,Manufacturing,Enterprise,Europe,pilot
9.21,9.34,Education,Enterprise,South America,pilot
9.25,10.77,Consulting,SME,Europe,pilot
8.12,-2.78,Manufacturing,Startup,North America,pilot
9.8,5.78,Agriculture,Startup,Europe,partial
11.02,1.22,Healthcare,Startup,Africa,partial
11.46,-1.54,Healthcare,SME,Asia,pilot
14.38,15.01,Education,Enterprise,Africa,partial
4.69,-4.23,Finance,SME,South America,pilot
7.01,2.32,Education,SME,Asia,pilot
4.39,1.65,Retail,Startup,Asia,pilot
16.0,1.44,Technology,Enterprise,Europe,partial
8.15,0.71,Education,SME,Europe,pilot
8.07,11.37,Consulting,SME,Oceania,partial
11.97,10.56,Logistics,Enterprise,Asia,partial
13.08,10.09,Technology,SME,Asia,partial
16.25,7.86,Agriculture,SME,Asia,partial
11.23,3.03,Retail,SME,Europe,pilot
15.38,6.99,Technology,Enterprise,Oceania,partial
9.59,14.85,Finance,SME,Asia,partial
5.56,10.21,Retail,Startup,South America,pilot
2.82,9.29,Education,Startup,Asia,pilot
9.11,12.66,Consulting,SME,Asia,partial
14.03,5.51,Agriculture,Enterprise,Asia,partial
12.11,-0.49,Retail,Startup,South America,partial
1.96,-5.0,Education,SME,Asia,pilot
5.35,3.14,Agriculture,SME,Asia,pilot
8.78,6.03,Consulting,Startup,Europe,partial
9.77,5.32,Agriculture,SME,Africa,pilot
13.1,10.16,Logistics,Enterprise,Oceania,partial
6.08,-0.84,Consulting,Enterprise,Asia,pilot
6.19,5.06,Finance,Startup,Asia,partial
8.4,5.71,Manufacturing,Enterprise,Europe,pilot
7.86,3.06,Healthcare,SME,Africa,pilot
15.02,2.79,Technology,SME,Oceania,partial
10.81,7.55,Healthcare,Startup,Africa,partial
13.73,12.48,Technology,Startup,Europe,partial
8.87,7.22,Healthcare,Startup,North America,pilot
9.17,9.71,Manufacturing,Enterprise,Europe,partial
12.39,16.86,Technology,SME,Oceania,partial
6.0,4.26,Healthcare,SME,Asia,partial
11.93,8.45,Technology,Startup,Asia,partial
17.4,16.3,Finance,Startup,Asia,partial
9.85,9.83,Healthcare,Startup,South America,partial
12.32,9.03,Education,Enterprise,South America,pilot
6.1,5.16,Finance,SME,South America,pilot
16.01,0.7,Technology,Enterprise,Asia,partial
10.1,-4.15,Healthcare,SME,South America,partial
18.17,8.25,Finance,Enterprise,Europe,full
10.95,13.48,Retail,Enterprise,Asia,pilot
8.73,15.13,Retail,Startup,Africa,partial
11.33,-1.48,Manufacturing,Startup,Europe,partial
3.65,3.3,Education,Startup,North America,pilot
2.87,-4.74,Retail,SME,Asia,none
5.16,8.82,Agriculture,Startup,Africa,pilot
9.66,7.15,Education,Startup,Europe,partial
7.83,4.08,Agriculture,SME,Europe,partial
17.29,7.13,Finance,Enterprise,Europe,partial
7.57,8.68,Logistics,SME,South America,partial
8.94,15.96,Manufacturing,Startup,Oceania,partial
8.01,5.19,Consulting,Startup,Oceania,partial
9.35,-4.64,Finance,Startup,Oceania,pilot
4.58,9.46,Consulting,Startup,Europe,pilot
10.92,2.25,Logistics,Startup,North America,partial
9.69,2.13,Healthcare,SME,Asia,pilot
12.73,16.22,Retail,SME,Europe,partial
17.25,-1.63,Technology,Enterprise,South America,partial
10.61,-5.0,Healthcare,Startup,Asia,partial
9.25,1.62,Education,SME,Asia,partial
8.3,4.73,Retail,Enterprise,Europe,pilot
7.82,2.63,Retail,SME,Asia,pilot
9.41,10.99,Consulting,SME,South America,partial
11.39,11.6,Agriculture,Startup,North America,partial
2.49,7.89,Healthcare,SME,South America,pilot
9.85,-4.11,Agriculture,Startup,Europe,pilot
6.53,8.46,Logistics,Startup,Europe,partial
8.32,9.7,Agriculture,Startup,Oceania,partial
14.7,0.18,Technology,Startup,South America,partial
6.04,3.86,Manufacturing,Startup,Europe,pilot
14.61,7.67,Agriculture,Startup,South America,full
7.12,0.4,Technology,SME,Europe,pilot
5.64,5.3,Agriculture,SME,South America,pilot
14.95,9.77,Technology,SME,Europe,partial
13.73,4.09,Manufacturing,Enterprise,Europe,partial
11.92,2.16,Agriculture,Startup,South America,partial
12.83,9.73,Technology,Enterprise,Europe,partial
11.33,6.47,Manufacturing,Enterprise,South America,pilot
14.29,11.42,Finance,Enterprise,Africa,partial
3.78,6.41,Manufacturing,Startup,Europe,pilot
7.8,11.97,Retail,Enterprise,Europe,pilot
10.33,7.68,Technology,Startup,Africa,partial
8.33,6.35,Finance,Startup,Asia,partial
11.94,7.69,Retail,SME,Europe,partial
14.86,14.73,Healthcare,Enterprise,Europe,partial
10.69,2.42,Finance,SME,Asia,partial
3.36,-0.36,Retail,SME,Asia,pilot
15.76,4.77,Healthcare,Enterprise,Asia,partial
9.74,9.09,Healthcare,Enterprise,Europe,partial
15.89,15.72,Logistics,Startup,Europe,full
4.26,3.55,Finance,SME,Europe,none
6.74,0.69,Consulting,SME,Asia,pilot
14.47,9.66,Healthcare,Startup,Oceania,partial
1.69,4.43,Technology,SME,Europe,none
9.29,0.23,Manufacturing,Startup,North America,pilot
7.02,7.3,Healthcare,Startup,Africa,partial
2.6,8.61,Manufacturing,Startup,North America,none
7.07,-3.97,Manufacturing,SME,Asia,pilot
4.64,7.49,Education,SME,Asia,pilot
9.05,2.8,Consulting,SME,Europe,pilot
6.33,4.73,Healthcare,Enterprise,Asia,pilot
4.36,-3.13,Finance,SME,Europe,pilot
13.33,-1.26,Manufacturing,Startup,Asia,partial
12.86,2.84,Logistics,SME,Asia,partial
11.54,6.39,Agriculture,SME,Asia,partial
13.62,5.65,Logistics,Startup,Asia,partial
8.15,4.84,Consulting,Startup,South America,partial
7.69,5.6,Logistics,SME,South America,pilot
10.39,10.64,Logistics,SME,Asia,partial
9.57,9.9,Finance,SME,Europe,partial
8.58,1.96,Agriculture,SME,Asia,pilot
8.13,-2.63,Consulting,Startup,Asia,partial
11.22,2.6,Manufacturing,SME,Asia,partial
8.77,15.58,Education,Startup,Europe,pilot
6.76,8.61,Manufacturing,Startup,Asia,pilot
9.33,-3.03,Healthcare,SME,Europe,partial
14.77,14.43,Manufacturing,SME,South America,partial
13.39,2.09,Finance,SME,North America,partial
14.52,-1.33,Agriculture,SME,Europe,partial
9.58,3.42,Retail,Startup,Oceania,partial
14.01,5.6,Consulting,Enterprise,Asia,partial
13.81,10.75,Manufacturing,Startup,Asia,partial
7.42,14.89,Manufacturing,SME,Europe,pilot
7.39,-5.0,Finance,Startup,Asia,partial
12.1,5.95,Consulting,Startup,Asia,partial
12.14,-2.46,Technology,SME,Europe,partial
6.86,7.46,Retail,Startup,South America,pilot
9.84,-0.17,Consulting,Startup,Asia,partial
5.04,5.35,Finance,Startup,South America,pilot
9.94,2.94,Consulting,SME,Europe,partial
10.36,6.77,Healthcare,Startup,Europe,partial
11.45,7.96,Agriculture,SME,Asia,partial
11.87,11.51,Logistics,SME,South America,partial
2.89,-4.74,Healthcare,Startup,Europe,none
12.71,6.44,Finance,SME,Europe,partial
6.52,5.94,Agriculture,Startup,South America,pilot
11.02,4.88,Healthcare,SME,South America,pilot
9.25,3.0,Technology,SME,Europe,pilot
11.81,13.69,Healthcare,Startup,Europe,partial
8.07,3.25,Healthcare,Startup,Asia,none
18.2,13.55,Technology,SME,Oceania,partial
9.25,-3.59,Technology,SME,Asia,pilot
13.19,6.79,Healthcare,SME,Asia,partial
5.84,4.33,Consulting,Enterprise,Europe,partial
14.86,11.34,Technology,SME,Africa,partial
12.18,-1.05,Consulting,Startup,Asia,partial
6.27,9.87,Agriculture,SME,Europe,pilot
0.38,-4.57,Retail,SME,Africa,none
7.27,0.54,Manufacturing,Startup,Asia,pilot
10.07,3.97,Finance,SME,Europe,partial
0.08,3.91,Finance,Startup,Asia,pilot
13.14,7.03,Finance,SME,South America,partial
11.95,-4.08,Agriculture,SME,North America,partial
9.61,6.83,Consulting,SME,North America,partial
12.42,4.89,Technology,SME,Europe,partial
11.49,3.58,Finance,SME,South America,partial
11.71,13.18,Logistics,Startup,Europe,partial
10.25,6.52,Logistics,Startup,Africa,partial
6.29,-0.54,Agriculture,SME,Asia,pilot
10.09,-0.25,Agriculture,SME,South America,partial
7.89,-0.55,Healthcare,Startup,Africa,pilot
7.92,-0.56,Logistics,SME,Africa,pilot
9.07,-3.74,Manufacturing,Startup,Oceania,pilot
12.33,-5.0,Finance,Startup,Europe,partial
14.26,6.41,Retail,SME,South America,pilot
12.2,1.42,Technology,SME,North America,partial
8.07,0.92,Manufacturing,Startup,Europe,pilot
8.04,11.05,Logistics,Startup,Asia,pilot
7.05,-1.78,Healthcare,SME,South America,pilot
11.91,12.03,Finance,SME,Asia,partial
17.24,5.49,Logistics,Enterprise,Africa,partial
8.39,5.27,Manufacturing,SME,Europe,pilot
8.22,-2.39,Education,Enterprise,Africa,pilot
6.0,0.44,Logistics,SME,Asia,pilot
12.41,-3.15,Education,Enterprise,Asia,pilot
9.22,1.78,Agriculture,Enterprise,North America,pilot
7.71,10.54,Manufacturing,SME,Africa,partial
4.07,-1.26,Education,Startup,Asia,none
15.01,3.47,Finance,SME,South America,pilot
12.48,12.67,Manufacturing,SME,Europe,partial
10.04,6.71,Finance,SME,Africa,pilot
9.07,-2.88,Education,Enterprise,Asia,pilot
6.23,4.33,Agriculture,SME,Asia,pilot
11.33,5.4,Logistics,Startup,Europe,partial
19.4,4.75,Consulting,Enterprise,South America,partial
9.32,11.26,Healthcare,SME,Asia,partial
12.77,-0.97,Retail,Enterprise,North America,partial
13.09,4.02,Manufacturing,SME,Africa,partial
11.97,2.54,Retail,Enterprise,Europe,pilot
10.26,11.58,Retail,SME,Africa,partial
4.81,1.71,Agriculture,Startup,Asia,pilot
3.63,3.64,Manufacturing,SME,Asia,pilot
6.97,0.57,Education,Startup,Asia,pilot
8.43,6.77,Agriculture,Startup,Oceania,partial
13.03,11.27,Manufacturing,SME,Asia,partial
2.94,2.69,Agriculture,SME,North America,pilot
7.04,-1.58,Healthcare,SME,Asia,pilot
9.92,6.99,Finance,SME,Oceania,partial
9.9,2.21,Technology,SME,Asia,partial
9.18,0.22,Consulting,SME,Asia,pilot
2.41,3.99,Manufacturing,Startup,Asia,pilot
10.45,-0.96,Agriculture,Enterprise,Asia,pilot
10.7,6.36,Technology,SME,South America,partial
12.7,11.46,Retail,Startup,Oceania,partial
14.41,3.04,Consulting,Enterprise,Europe,partial
12.38,-3.87,Logistics,Startup,Europe,pilot
15.54,-0.52,Retail,Enterprise,Europe,partial
4.64,-2.73,Agriculture,SME,Oceania,none
16.61,9.89,Education,Enterprise,North America,partial
5.04,7.05,Logistics,SME,Africa,partial
6.02,3.79,Agriculture,SME,Europe,pilot
14.17,4.48,Technology,Startup,Asia,partial
7.19,4.68,Healthcare,SME,South America,pilot
11.74,-0.85,Consulting,SME,Africa,partial
6.5,2.39,Logistics,Startup,Asia,partial
11.64,-2.71,Logistics,SME,Europe,partial
15.12,7.45,Finance,Enterprise,Asia,partial
5.17,6.09,Retail,Startup,Asia,pilot
14.93,-1.78,Finance,Enterprise,Asia,partial
6.32,0.37,Finance,SME,Asia,pilot
5.48,0.88,Logistics,SME,North America,pilot
10.07,6.85,Logistics,Startup,Asia,partial
13.4,6.25,Finance,Enterprise,Asia,partial
12.11,17.04,Technology,Startup,Europe,partial
6.22,6.06,Healthcare,Startup,North America,partial
14.66,10.89,Education,Enterprise,Asia,partial
7.68,5.38,Manufacturing,SME,South America,pilot
5.29,-1.0,Agriculture,Startup,Oceania,pilot
9.62,2.82,Manufacturing,SME,Africa,partial
6.89,0.53,Manufacturing,SME,North America,pilot
7.86,6.0,Finance,SME,Oceania,partial
7.75,7.55,Technology,Startup,Asia,partial
9.68,0.62,Consulting,Startup,Europe,pilot
16.8,12.89,Technology,Enterprise,South America,partial
9.84,3.6,Finance,Startup,South America,partial
16.0,14.84,Retail,Enterprise,Asia,partial
11.19,10.01,Retail,Enterprise,North America,partial
10.1,0.13,Finance,Startup,Europe,pilot
7.4,4.79,Finance,SME,South America,pilot
9.21,-0.87,Technology,Startup,Oceania,pilot
9.5,8.89,Consulting,SME,Asia,partial
12.03,-0.39,Education,SME,Europe,pilot
9.29,6.79,Agriculture,Startup,Asia,partial
15.05,2.9,Technology,SME,Europe,partial
8.75,1.96,Finance,SME,Africa,pilot
8.76,5.9,Manufacturing,SME,Europe,pilot
8.85,11.81,Consulting,Enterprise,South America,pilot
15.82,9.42,Technology,Startup,North America,partial
11.38,-1.61,Healthcare,SME,South America,partial
8.26,-4.63,Manufacturing,Startup,Asia,partial
13.87,0.17,Technology,Startup,Asia,partial
11.55,-1.6,Healthcare,Enterprise,South America,partial
6.71,3.09,Retail,Startup,Europe,pilot
8.06,8.24,Finance,SME,Asia,partial
17.61,3.28,Technology,Enterprise,Africa,partial
6.03,-2.76,Healthcare,Enterprise,South America,pilot
11.33,15.71,Retail,Startup,Asia,partial
10.86,14.34,Retail,Enterprise,Europe,partial
1.85,-2.83,Agriculture,Startup,Africa,pilot
9.46,1.41,Finance,Startup,Europe,partial
7.96,-3.5,Consulting,SME,South America,partial
7.87,3.72,Healthcare,Startup,Europe,partial
6.91,11.1,Retail,Startup,Asia,pilot
7.29,6.66,Logistics,Startup,Europe,partial
12.21,3.49,Finance,Enterprise,Asia,partial
10.03,4.4,Manufacturing,Enterprise,Asia,pilot
6.2,8.61,Logistics,Startup,Oceania,partial
3.94,-2.86,Agriculture,SME,Europe,pilot
4.69,-0.7,Manufacturing,SME,Africa,pilot
13.68,-0.54,Consulting,SME,North America,partial
6.38,1.36,Finance,SME,Asia,pilot
9.73,14.19,Education,SME,South America,pilot
12.37,15.08,Manufacturing,Enterprise,Africa,partial
14.37,6.88,Technology,Startup,Asia,partial
9.28,-4.14,Healthcare,Startup,Asia,partial
7.3,6.62,Healthcare,SME,Asia,pilot
11.68,10.24,Retail,SME,North America,partial
8.19,0.28,Healthcare,SME,Africa,pilot
10.89,-3.19,Agriculture,Enterprise,Europe,partial
0.88,2.79,Manufacturing,Enterprise,Asia,pilot
8.82,5.82,Education,Startup,Europe,partial
12.6,16.51,Technology,SME,Asia,partial
8.68,-1.49,Finance,SME,South America,pilot
12.09,7.85,Education,Enterprise,Asia,partial
6.82,11.74,Finance,SME,Asia,partial
12.39,1.15,Finance,Startup,Africa,partial
14.33,-1.6,Technology,Startup,Europe,partial
14.96,17.96,Technology,Startup,Europe,partial
8.94,8.05,Consulting,SME,North America,partial
17.5,12.77,Education,Enterprise,Asia,partial
0.64,4.52,Agriculture,SME,Asia,partial
6.88,7.75,Agriculture,SME,Asia,pilot
9.3,0.92,Finance,Startup,South America,pilot
5.49,-2.51,Logistics,Startup,Asia,pilot
8.81,4.84,Consulting,Startup,Asia,partial
9.28,7.85,Healthcare,Startup,Europe,partial
7.8,10.47,Finance,SME,Asia,partial
9.17,1.77,Finance,SME,South America,partial
13.3,16.77,Retail,Enterprise,Asia,pilot
7.74,-0.14,Education,Startup,Africa,pilot
0.95,-5.0,Manufacturing,Startup,North America,pilot
10.65,4.61,Logistics,Startup,Europe,partial
17.77,11.52,Finance,Enterprise,Europe,partial
15.51,9.96,Technology,Enterprise,South America,partial
11.24,12.43,Finance,Startup,Asia,partial
10.6,0.59,Consulting,SME,Asia,pilot
19.56,11.23,Agriculture,SME,Africa,full
10.2,-0.17,Technology,Enterprise,Africa,pilot
13.54,5.28,Retail,Enterprise,Africa,partial
9.29,9.29,Agriculture,SME,Asia,partial
10.05,6.69,Technology,Startup,Europe,partial
11.1,20.63,Finance,SME,South America,pilot
16.08,9.49,Consulting,Enterprise,Europe,full
9.3,3.92,Logistics,Enterprise,Asia,pilot
14.65,1.13,Technology,Startup,South America,partial
8.68,0.88,Consulting,Startup,Asia,pilot
9.2,3.6,Healthcare,SME,Africa,partial
7.26,8.46,Retail,SME,Oceania,partial
12.08,3.08,Technology,SME,Asia,partial
13.35,7.72,Finance,SME,Europe,pilot
17.01,1.08,Technology,Enterprise,Asia,partial
12.06,11.48,Logistics,Enterprise,Asia,partial
8.38,1.38,Healthcare,Startup,Oceania,pilot
4.44,-4.02,Healthcare,Enterprise,Europe,pilot
6.21,7.69,Manufacturing,Startup,Europe,pilot
19.76,7.46,Technology,Startup,North America,full
8.26,5.59,Education,SME,South America,pilot
5.01,6.57,Manufacturing,Startup,North America,pilot
2.38,5.57,Consulting,Startup,South America,none
11.88,-0.38,Consulting,SME,Asia,pilot
14.83,-4.12,Finance,Startup,Asia,partial
13.57,4.69,Consulting,SME,Europe,pilot
4.84,5.91,Logistics,Startup,Asia,pilot
8.42,6.25,Consulting,SME,Europe,pilot
12.64,7.77,Technology,Startup,South America,partial
6.34,-3.49,Manufacturing,Startup,Europe,pilot
14.1,11.37,Consulting,SME,Oceania,partial
10.03,-1.49,Technology,SME,Asia,partial
13.79,1.77,Technology,Enterprise,Oceania,pilot
10.07,0.57,Consulting,Startup,Asia,partial
6.08,1.8,Manufacturing,Enterprise,South America,partial
8.19,3.43,Retail,Startup,Europe,partial
9.02,-5.0,Finance,SME,Asia,partial
11.35,10.95,Healthcare,SME,Africa,pilot
7.46,5.02,Consulting,Startup,Africa,pilot
14.34,-2.64,Healthcare,Enterprise,Oceania,partial
16.9,13.87,Manufacturing,Enterprise,Europe,partial
4.29,-1.33,Manufacturing,Startup,Asia,pilot
14.31,-0.21,Retail,SME,Europe,partial
5.73,-5.0,Healthcare,Startup,North America,pilot
14.85,9.12,Retail,SME,Asia,partial
6.38,-0.86,Healthcare,SME,Europe,pilot
6.65,-5.0,Finance,SME,Africa,pilot
6.95,8.7,Healthcare,SME,Oceania,pilot
3.56,0.97,Finance,Startup,Asia,pilot
14.97,15.54,Finance,Enterprise,Asia,partial
12.91,10.06,Manufacturing,Enterprise,Europe,partial
4.2,-1.04,Retail,Startup,Europe,pilot
13.59,11.86,Finance,Enterprise,Asia,partial
13.03,5.71,Education,Startup,South America,partial
8.54,6.89,Healthcare,SME,Africa,partial
9.84,0.13,Finance,SME,Asia,pilot
9.72,7.49,Retail,Startup,Asia,pilot
15.31,4.38,Education,Startup,South America,partial
5.08,-5.0,Finance,SME,Europe,pilot
11.19,3.66,Agriculture,Enterprise,Asia,partial
11.02,5.12,Retail,SME,Oceania,partial
4.65,3.88,Education,SME,South America,pilot
8.2,-1.51,Consulting,SME,Africa,pilot
7.38,-1.33,Agriculture,Startup,Oceania,partial
4.75,-2.06,Agriculture,Startup,Asia,pilot
4.74,0.36,Logistics,Startup,North America,pilot
12.06,1.24,Consulting,SME,Europe,partial
14.94,0.27,Healthcare,SME,Africa,partial
3.02,-5.0,Finance,Startup,Europe,pilot
14.73,3.01,Education,Enterprise,Asia,partial
10.82,2.75,Manufacturing,SME,Africa,partial
6.51,-5.0,Healthcare,SME,Asia,pilot
11.46,4.69,Agriculture,SME,Africa,partial
5.28,-0.67,Finance,SME,Europe,none
7.37,1.7,Healthcare,SME,South America,pilot
14.7,6.35,Retail,SME,Europe,partial
7.59,4.89,Finance,SME,Africa,pilot
8.51,7.96,Technology,Startup,Africa,pilot
11.8,-3.25,Retail,Enterprise,Asia,partial
10.36,1.98,Technology,Enterprise,Europe,pilot
14.19,11.93,Technology,SME,South America,partial
8.87,-1.15,Consulting,Enterprise,Europe,pilot
10.74,4.68,Agriculture,SME,Europe,partial
11.48,-0.06,Healthcare,SME,Africa,partial
7.89,4.0,Healthcare,Startup,Asia,pilot
13.22,6.25,Agriculture,SME,Africa,partial
4.07,-1.41,Finance,SME,Africa,pilot
5.44,2.08,Retail,Startup,Europe,pilot
10.52,1.11,Technology,SME,Europe,partial
2.73,-5.0,Consulting,Startup,Asia,none
12.25,2.02,Consulting,Startup,North America,partial
3.32,-2.09,Education,Startup,Oceania,pilot
10.51,3.13,Retail,Startup,Asia,pilot
9.2,3.13,Manufacturing,Startup,North America,partial
10.26,18.06,Healthcare,SME,Europe,partial
3.55,9.32,Consulting,Startup,South America,pilot
9.61,2.47,Finance,Enterprise,Europe,partial
11.15,3.01,Consulting,Enterprise,Europe,pilot
14.85,6.14,Consulting,Startup,Europe,partial
10.69,10.13,Technology,Startup,Europe,pilot
11.86,4.81,Logistics,SME,Europe,partial
4.98,-1.07,Agriculture,SME,Asia,pilot
11.39,12.33,Technology,Startup,Asia,partial
8.92,10.43,Retail,SME,Asia,pilot
16.47,9.62,Finance,SME,Europe,partial
10.88,-0.82,Finance,SME,Oceania,pilot
8.45,5.79,Consulting,Enterprise,Asia,partial
9.67,10.59,Logistics,SME,Europe,partial
6.35,4.09,Education,Startup,Asia,pilot
8.49,8.81,Logistics,SME,Asia,partial
10.85,4.99,Manufacturing,Startup,Europe,partial
4.44,-5.0,Education,Enterprise,Asia,pilot
10.5,4.62,Education,Startup,Asia,partial
9.23,4.28,Healthcare,SME,Asia,partial
7.6,-2.57,Technology,Startup,Asia,pilot
14.85,5.45,Agriculture,Startup,Europe,partial
13.26,-1.59,Manufacturing,Startup,Europe,partial
10.85,-4.64,Agriculture,SME,Europe,pilot
12.82,5.56,Healthcare,Enterprise,Europe,pilot
10.17,-2.71,Logistics,Enterprise,South America,partial
3.58,2.25,Logistics,SME,Asia,pilot
8.96,-5.0,Manufacturing,Enterprise,North America,partial
6.92,12.99,Technology,Startup,Europe,pilot
13.48,8.62,Technology,Startup,Europe,partial
8.36,13.83,Consulting,Enterprise,Oceania,pilot
10.62,-0.99,Consulting,Enterprise,Asia,partial
11.89,4.89,Manufacturing,Enterprise,Europe,partial
8.1,3.98,Finance,SME,Asia,partial
3.11,-0.05,Manufacturing,Startup,South America,none
21.44,11.76,Technology,Enterprise,Europe,partial
7.14,3.02,Healthcare,Startup,Asia,pilot
10.86,6.8,Finance,SME,South America,partial
12.61,2.63,Healthcare,Enterprise,Europe,partial
11.12,10.9,Retail,SME,Europe,partial
8.74,6.55,Agriculture,Startup,Europe,partial
13.28,5.27,Finance,Enterprise,South America,partial
7.13,5.79,Agriculture,Startup,Europe,pilot
10.4,5.96,Agriculture,SME,South America,partial
9.47,4.8,Healthcare,Startup,Asia,pilot
7.8,4.34,Retail,Enterprise,Asia,partial
9.17,1.65,Education,Startup,Asia,pilot
4.23,9.94,Retail,Startup,North America,pilot
